-- MySQL dump 10.13  Distrib 8.0.20, for Linux (x86_64)
--
-- Host: localhost    Database: vk
-- ------------------------------------------------------
-- Server version	8.0.20-0ubuntu0.20.04.1

/*!40101 SET @OLD_CHARACTER_SET_CLIENT=@@CHARACTER_SET_CLIENT */;
/*!40101 SET @OLD_CHARACTER_SET_RESULTS=@@CHARACTER_SET_RESULTS */;
/*!40101 SET @OLD_COLLATION_CONNECTION=@@COLLATION_CONNECTION */;
/*!50503 SET NAMES utf8mb4 */;
/*!40103 SET @OLD_TIME_ZONE=@@TIME_ZONE */;
/*!40103 SET TIME_ZONE='+00:00' */;
/*!40014 SET @OLD_UNIQUE_CHECKS=@@UNIQUE_CHECKS, UNIQUE_CHECKS=0 */;
/*!40014 SET @OLD_FOREIGN_KEY_CHECKS=@@FOREIGN_KEY_CHECKS, FOREIGN_KEY_CHECKS=0 */;
/*!40101 SET @OLD_SQL_MODE=@@SQL_MODE, SQL_MODE='NO_AUTO_VALUE_ON_ZERO' */;
/*!40111 SET @OLD_SQL_NOTES=@@SQL_NOTES, SQL_NOTES=0 */;

--
-- Table structure for table `communities`
--

DROP TABLE IF EXISTS `communities`;
/*!40101 SET @saved_cs_client     = @@character_set_client */;
/*!50503 SET character_set_client = utf8mb4 */;
CREATE TABLE `communities` (
  `id` int unsigned NOT NULL AUTO_INCREMENT COMMENT 'Идентификатор сроки',
  `name` varchar(150) CHARACTER SET utf8 COLLATE utf8_unicode_ci NOT NULL COMMENT 'Название группы',
  `created_at` datetime DEFAULT CURRENT_TIMESTAMP COMMENT 'Время создания строки',
  `updated_at` datetime DEFAULT CURRENT_TIMESTAMP ON UPDATE CURRENT_TIMESTAMP COMMENT 'Время обновления строки',
  PRIMARY KEY (`id`),
  UNIQUE KEY `name` (`name`)
) ENGINE=InnoDB AUTO_INCREMENT=7 DEFAULT CHARSET=utf8 COLLATE=utf8_unicode_ci COMMENT='Группы';
/*!40101 SET character_set_client = @saved_cs_client */;

--
-- Dumping data for table `communities`
--

LOCK TABLES `communities` WRITE;
/*!40000 ALTER TABLE `communities` DISABLE KEYS */;
INSERT INTO `communities` VALUES (1,'Ans Sons','2020-07-01 15:20:56','2020-07-01 15:20:56'),(2,'Ltd','2020-07-01 15:20:56','2020-07-01 15:20:56'),(3,'LLC','2020-07-01 15:20:56','2020-07-01 15:20:56'),(4,'Inc','2020-07-01 15:20:56','2020-07-01 15:20:56'),(5,'Group','2020-07-01 15:20:56','2020-07-01 15:20:56'),(6,'PLC','2020-07-01 15:20:56','2020-07-01 15:20:56');
/*!40000 ALTER TABLE `communities` ENABLE KEYS */;
UNLOCK TABLES;

--
-- Table structure for table `communities_users`
--

DROP TABLE IF EXISTS `communities_users`;
/*!40101 SET @saved_cs_client     = @@character_set_client */;
/*!50503 SET character_set_client = utf8mb4 */;
CREATE TABLE `communities_users` (
  `community_id` int unsigned NOT NULL COMMENT 'Ссылка на группу',
  `user_id` int unsigned NOT NULL COMMENT 'Ссылка на пользователя',
  `created_at` datetime DEFAULT CURRENT_TIMESTAMP COMMENT 'Время создания строки',
  PRIMARY KEY (`community_id`,`user_id`) COMMENT 'Составной первичный ключ'
) ENGINE=InnoDB DEFAULT CHARSET=utf8 COLLATE=utf8_unicode_ci COMMENT='Участники групп, связь между пользователями и группами';
/*!40101 SET character_set_client = @saved_cs_client */;

--
-- Dumping data for table `communities_users`
--

LOCK TABLES `communities_users` WRITE;
/*!40000 ALTER TABLE `communities_users` DISABLE KEYS */;
INSERT INTO `communities_users` VALUES (1,6,'2006-05-30 12:59:32'),(1,10,'2001-09-03 09:15:27'),(1,14,'1976-01-09 13:15:59'),(1,42,'1987-12-15 11:30:10'),(1,45,'1980-07-18 02:14:21'),(1,48,'2019-11-17 10:36:45'),(1,71,'1975-12-03 02:57:09'),(1,72,'1971-08-29 15:30:07'),(1,88,'2019-09-10 17:16:32'),(1,91,'2008-05-14 23:34:32'),(1,92,'2020-01-23 03:02:32'),(1,93,'1982-07-13 00:35:08'),(1,104,'1978-12-17 14:07:10'),(1,107,'2009-05-07 01:21:49'),(1,108,'1991-04-16 04:03:45'),(1,120,'1999-07-28 14:43:01'),(1,129,'2007-04-13 17:14:24'),(1,147,'1976-03-31 00:47:19'),(2,5,'2014-04-16 11:30:55'),(2,12,'2014-11-21 13:59:52'),(2,16,'2013-09-26 10:47:40'),(2,25,'1981-11-05 19:54:05'),(2,31,'1987-05-01 18:58:53'),(2,46,'1996-10-04 01:06:20'),(2,47,'2016-09-21 10:42:51'),(2,52,'1998-06-16 07:34:51'),(2,64,'1982-08-10 22:59:09'),(2,77,'2015-10-17 21:16:25'),(2,79,'1989-07-05 09:51:01'),(2,97,'1973-06-04 09:03:19'),(2,98,'2011-09-02 04:19:13'),(2,100,'1977-08-25 18:37:37'),(2,101,'1993-08-12 07:05:09'),(2,109,'1992-11-27 04:40:43'),(2,112,'1998-12-15 16:53:17'),(2,114,'2017-03-13 02:56:04'),(2,122,'1996-02-26 21:51:55'),(2,124,'1973-11-29 02:55:58'),(2,126,'1970-09-02 15:15:20'),(2,134,'1971-11-12 17:01:12'),(2,138,'1989-12-10 11:20:06'),(2,141,'1976-12-21 11:55:15'),(3,3,'1974-06-17 10:48:18'),(3,7,'1991-01-02 06:54:10'),(3,9,'2001-08-16 20:43:28'),(3,11,'1994-01-13 17:20:20'),(3,19,'1985-02-06 20:15:55'),(3,22,'1987-08-19 03:31:15'),(3,24,'2018-10-25 03:00:26'),(3,28,'1989-03-26 01:07:10'),(3,29,'1982-07-01 17:00:44'),(3,33,'1970-11-22 20:34:35'),(3,37,'1984-08-07 17:49:52'),(3,38,'1996-06-12 05:07:21'),(3,40,'1997-05-05 23:15:02'),(3,44,'1971-07-29 13:58:40'),(3,51,'1975-05-03 22:59:58'),(3,56,'1993-08-01 00:46:42'),(3,58,'2016-03-18 23:47:29'),(3,59,'2006-01-13 21:17:17'),(3,62,'1976-11-09 08:15:43'),(3,69,'1996-11-15 10:47:27'),(3,80,'2011-01-18 11:44:45'),(3,82,'1983-05-26 21:50:24'),(3,83,'2017-07-14 12:39:28'),(3,95,'2006-05-13 17:52:21'),(3,102,'1995-12-07 00:37:33'),(3,103,'2004-12-24 00:27:42'),(3,110,'1970-07-20 21:00:13'),(3,111,'2019-05-26 03:16:39'),(3,117,'1974-08-29 05:00:52'),(3,140,'2014-09-01 21:22:36'),(3,143,'2003-02-28 16:54:39'),(3,148,'2013-02-12 13:50:00'),(4,13,'1983-10-07 04:12:48'),(4,18,'2001-03-01 23:20:14'),(4,20,'2005-01-01 13:17:55'),(4,23,'2016-01-12 02:28:23'),(4,26,'2003-10-12 22:34:05'),(4,39,'2001-01-08 08:22:27'),(4,41,'2018-06-16 22:27:13'),(4,43,'1992-01-06 15:09:13'),(4,50,'1978-03-10 16:57:57'),(4,54,'1972-01-25 04:35:01'),(4,55,'2013-10-30 21:06:38'),(4,61,'1976-11-25 16:55:44'),(4,66,'2013-05-13 09:44:01'),(4,75,'1995-11-21 22:35:17'),(4,76,'2005-05-15 14:42:24'),(4,78,'1982-12-23 04:03:55'),(4,89,'1978-11-07 09:54:50'),(4,94,'1984-06-24 03:50:31'),(4,99,'1989-03-24 09:41:44'),(4,106,'1973-07-26 07:04:09'),(4,119,'1975-12-29 16:22:41'),(4,133,'1997-10-11 14:48:08'),(4,135,'1993-01-01 19:30:53'),(4,136,'1998-04-27 21:43:36'),(4,137,'2002-05-31 06:27:51'),(4,144,'1995-01-06 19:49:21'),(5,1,'2009-09-15 06:41:04'),(5,17,'2010-04-26 08:02:07'),(5,32,'1972-04-02 03:34:02'),(5,34,'2001-06-20 00:06:45'),(5,49,'2013-02-26 19:34:56'),(5,53,'2001-07-22 22:23:30'),(5,57,'2001-08-31 02:59:19'),(5,65,'2002-08-07 04:08:18'),(5,67,'2008-11-14 03:00:33'),(5,68,'2012-02-06 07:11:50'),(5,73,'2010-06-07 11:43:55'),(5,84,'1973-06-11 22:27:00'),(5,85,'2015-09-09 12:45:56'),(5,87,'1985-06-20 14:48:46'),(5,96,'1970-10-01 22:56:53'),(5,105,'1993-07-04 18:57:21'),(5,113,'1990-09-22 07:17:52'),(5,116,'1994-01-15 12:28:26'),(5,118,'2014-04-25 10:43:36'),(5,125,'1983-05-09 23:44:07'),(5,128,'1996-03-29 23:54:07'),(5,130,'2003-02-01 16:24:42'),(5,139,'1995-06-14 15:42:19'),(5,142,'2012-02-10 08:10:05'),(5,150,'2017-09-28 19:11:51'),(6,2,'1989-12-20 06:08:36'),(6,4,'1999-02-24 15:43:19'),(6,8,'2000-09-18 01:46:43'),(6,15,'1993-02-12 07:30:52'),(6,21,'1990-04-06 23:32:40'),(6,27,'2015-05-22 08:59:51'),(6,30,'1988-05-10 08:24:47'),(6,35,'2012-08-14 01:29:30'),(6,36,'2001-02-05 21:51:05'),(6,60,'2014-09-25 03:43:12'),(6,63,'2017-02-14 08:49:31'),(6,70,'2007-09-14 09:40:49'),(6,74,'2010-12-06 14:41:13'),(6,81,'1985-03-28 09:11:21'),(6,86,'2016-07-01 14:19:55'),(6,90,'1998-08-09 01:52:06'),(6,115,'2003-11-11 16:26:08'),(6,121,'1974-12-01 19:30:44'),(6,123,'1972-06-01 18:08:32'),(6,127,'2003-11-24 19:24:52'),(6,131,'1973-11-25 18:21:51'),(6,132,'1984-05-22 23:06:20'),(6,145,'2004-08-19 06:11:21'),(6,146,'1988-07-17 03:45:15'),(6,149,'1989-06-02 04:21:25');
/*!40000 ALTER TABLE `communities_users` ENABLE KEYS */;
UNLOCK TABLES;

--
-- Table structure for table `friendship`
--

DROP TABLE IF EXISTS `friendship`;
/*!40101 SET @saved_cs_client     = @@character_set_client */;
/*!50503 SET character_set_client = utf8mb4 */;
CREATE TABLE `friendship` (
  `user_id` int unsigned NOT NULL COMMENT 'Ссылка на инициатора дружеских отношений',
  `friend_id` int unsigned NOT NULL COMMENT 'Ссылка на получателя приглашения дружить',
  `status_id` int unsigned NOT NULL COMMENT 'Ссылка на статус (текущее состояние) отношений',
  `confirmed_at` datetime DEFAULT NULL COMMENT 'Время подтверждения приглашения',
  `created_at` datetime DEFAULT CURRENT_TIMESTAMP COMMENT 'Время создания строки',
  `updated_at` datetime DEFAULT CURRENT_TIMESTAMP ON UPDATE CURRENT_TIMESTAMP COMMENT 'Время обновления строки',
  PRIMARY KEY (`user_id`,`friend_id`) COMMENT 'Составной первичный ключ'
) ENGINE=InnoDB DEFAULT CHARSET=utf8 COLLATE=utf8_unicode_ci COMMENT='Таблица дружбы';
/*!40101 SET character_set_client = @saved_cs_client */;

--
-- Dumping data for table `friendship`
--

LOCK TABLES `friendship` WRITE;
/*!40000 ALTER TABLE `friendship` DISABLE KEYS */;
INSERT INTO `friendship` VALUES (1,51,3,'2020-07-01 15:14:24','2013-03-29 15:15:57','2020-07-01 15:14:24'),(1,96,2,'2020-07-01 15:16:21','1995-02-05 18:10:49','2020-07-01 15:16:21'),(1,133,1,'2020-07-01 15:16:21','2003-02-17 22:05:08','2020-07-01 15:16:21'),(2,120,1,'2020-07-01 15:14:24','1996-01-13 20:09:53','2020-07-01 15:14:24'),(3,108,3,'2020-07-01 15:14:24','1977-10-09 01:41:19','2020-07-01 15:14:24'),(3,136,2,'2020-07-01 15:16:21','1972-03-22 11:44:30','2020-07-01 15:16:21'),(4,57,3,'2020-07-01 15:16:21','1980-08-02 13:21:19','2020-07-01 15:16:21'),(4,68,3,'2020-07-01 15:16:21','2008-03-25 19:46:00','2020-07-01 15:16:21'),(4,121,2,'2020-07-01 15:14:24','1970-08-05 22:11:29','2020-07-01 15:14:24'),(4,139,1,'2020-07-01 15:14:24','1998-01-08 13:30:01','2020-07-01 15:14:24'),(5,130,3,'2020-07-01 15:16:21','2011-02-21 02:55:57','2020-07-01 15:16:21'),(6,62,2,'2020-07-01 15:14:24','1994-09-02 15:31:43','2020-07-01 15:14:24'),(6,69,1,'2020-07-01 15:14:24','1975-04-17 00:49:54','2020-07-01 15:14:24'),(8,87,1,'2020-07-01 15:16:21','2008-02-21 05:57:43','2020-07-01 15:16:21'),(8,93,3,'2020-07-01 15:16:21','2020-05-26 12:54:32','2020-07-01 15:16:21'),(9,96,1,'2020-07-01 15:16:21','2015-12-13 23:23:08','2020-07-01 15:16:21'),(12,77,2,'2020-07-01 15:14:24','1972-02-22 17:43:28','2020-07-01 15:14:24'),(12,149,2,'2020-07-01 15:14:24','1980-08-18 01:54:48','2020-07-01 15:14:24'),(13,66,1,'2020-07-01 15:14:24','1970-08-13 10:57:53','2020-07-01 15:14:24'),(13,99,3,'2020-07-01 15:14:24','1971-10-02 09:53:40','2020-07-01 15:14:24'),(15,60,3,'2020-07-01 15:14:24','1976-11-23 08:22:13','2020-07-01 15:14:24'),(15,146,3,'2020-07-01 15:14:24','1986-01-27 11:30:19','2020-07-01 15:14:24'),(17,147,3,'2020-07-01 15:14:24','1981-12-04 08:30:57','2020-07-01 15:14:24'),(18,108,1,'2020-07-01 15:16:21','2009-07-20 07:54:21','2020-07-01 15:16:21'),(19,56,3,'2020-07-01 15:16:21','2011-05-01 01:10:11','2020-07-01 15:16:21'),(20,53,2,'2020-07-01 15:16:21','1999-03-30 14:19:54','2020-07-01 15:16:21'),(20,81,3,'2020-07-01 15:16:21','2011-03-10 13:33:31','2020-07-01 15:16:21'),(20,129,1,'2020-07-01 15:16:21','2001-08-21 21:38:57','2020-07-01 15:16:21'),(21,133,1,'2020-07-01 15:16:21','1998-08-26 22:42:29','2020-07-01 15:16:21'),(22,81,2,'2020-07-01 15:14:24','1975-11-16 05:28:34','2020-07-01 15:14:24'),(22,123,3,'2020-07-01 15:16:21','2007-10-30 03:33:01','2020-07-01 15:16:21'),(23,56,2,'2020-07-01 15:16:21','2011-03-15 15:58:16','2020-07-01 15:16:21'),(23,89,3,'2020-07-01 15:16:21','1980-09-25 20:24:26','2020-07-01 15:16:21'),(23,121,3,'2020-07-01 15:16:21','2011-06-20 05:59:04','2020-07-01 15:16:21'),(23,150,1,'2020-07-01 15:16:21','1990-07-20 05:00:31','2020-07-01 15:16:21'),(24,109,2,'2020-07-01 15:14:24','1988-11-10 22:40:50','2020-07-01 15:14:24'),(24,117,3,'2020-07-01 15:16:21','1982-03-31 06:38:13','2020-07-01 15:16:21'),(24,135,3,'2020-07-01 15:16:21','2005-05-13 23:49:27','2020-07-01 15:16:21'),(25,81,1,'2020-07-01 15:14:24','1994-12-25 02:37:44','2020-07-01 15:14:24'),(27,99,1,'2020-07-01 15:14:24','1993-11-02 21:27:30','2020-07-01 15:14:24'),(28,86,1,'2020-07-01 15:16:21','2006-01-18 04:45:11','2020-07-01 15:16:21'),(28,89,1,'2020-07-01 15:14:24','1997-12-08 09:46:11','2020-07-01 15:14:24'),(28,91,1,'2020-07-01 15:14:24','1983-04-06 16:19:48','2020-07-01 15:14:24'),(29,81,1,'2020-07-01 15:14:24','1977-05-05 16:41:56','2020-07-01 15:14:24'),(29,88,2,'2020-07-01 15:14:24','1996-01-13 12:39:54','2020-07-01 15:14:24'),(31,57,2,'2020-07-01 15:14:24','1987-06-05 20:44:27','2020-07-01 15:14:24'),(31,139,3,'2020-07-01 15:14:24','2009-09-26 22:25:35','2020-07-01 15:14:24'),(32,119,2,'2020-07-01 15:16:21','2016-11-10 23:33:15','2020-07-01 15:16:21'),(33,83,2,'2020-07-01 15:14:24','2004-12-14 05:02:34','2020-07-01 15:14:24'),(33,125,1,'2020-07-01 15:16:21','2009-06-20 16:09:36','2020-07-01 15:16:21'),(33,129,3,'2020-07-01 15:14:24','1986-11-16 21:34:19','2020-07-01 15:14:24'),(33,134,2,'2020-07-01 15:14:24','1988-11-03 03:00:27','2020-07-01 15:14:24'),(34,104,2,'2020-07-01 15:16:21','2020-04-01 22:03:00','2020-07-01 15:16:21'),(34,118,3,'2020-07-01 15:14:24','1984-07-13 02:28:21','2020-07-01 15:14:24'),(35,51,1,'2020-07-01 15:16:21','1991-02-17 17:48:18','2020-07-01 15:16:21'),(35,63,2,'2020-07-01 15:16:21','2014-11-19 11:36:44','2020-07-01 15:16:21'),(35,87,1,'2020-07-01 15:16:21','2012-07-03 21:20:31','2020-07-01 15:16:21'),(35,124,3,'2020-07-01 15:14:24','1983-01-23 22:02:09','2020-07-01 15:14:24'),(37,90,3,'2020-07-01 15:14:24','1971-05-17 23:21:24','2020-07-01 15:14:24'),(37,101,3,'2020-07-01 15:16:21','2006-09-09 21:21:37','2020-07-01 15:16:21'),(38,82,3,'2020-07-01 15:14:24','1994-05-25 18:00:20','2020-07-01 15:14:24'),(38,147,2,'2020-07-01 15:16:21','1982-07-29 02:51:59','2020-07-01 15:16:21'),(39,98,2,'2020-07-01 15:16:21','2003-08-28 20:53:18','2020-07-01 15:16:21'),(41,112,1,'2020-07-01 15:16:21','2018-10-30 08:32:52','2020-07-01 15:16:21'),(41,130,2,'2020-07-01 15:14:24','1972-02-05 06:23:52','2020-07-01 15:14:24'),(41,137,2,'2020-07-01 15:14:24','1984-05-29 23:11:09','2020-07-01 15:14:24'),(42,92,1,'2020-07-01 15:14:24','1982-07-06 16:32:49','2020-07-01 15:14:24'),(42,122,1,'2020-07-01 15:16:21','2005-07-02 14:56:18','2020-07-01 15:16:21'),(42,139,2,'2020-07-01 15:14:24','1995-04-08 22:19:14','2020-07-01 15:14:24'),(43,79,1,'2020-07-01 15:16:21','1995-11-18 09:50:39','2020-07-01 15:16:21'),(43,80,3,'2020-07-01 15:16:21','2002-06-09 12:18:04','2020-07-01 15:16:21'),(44,57,3,'2020-07-01 15:14:24','1990-03-17 15:19:00','2020-07-01 15:14:24'),(44,117,3,'2020-07-01 15:14:24','2001-08-27 19:15:36','2020-07-01 15:14:24'),(44,145,2,'2020-07-01 15:16:21','1990-03-13 20:31:56','2020-07-01 15:16:21'),(45,64,1,'2020-07-01 15:14:24','1971-05-22 03:48:05','2020-07-01 15:14:24'),(46,81,2,'2020-07-01 15:14:24','1987-12-05 08:20:41','2020-07-01 15:14:24'),(48,85,3,'2020-07-01 15:14:24','1993-03-10 12:22:03','2020-07-01 15:14:24'),(49,143,3,'2020-07-01 15:16:21','1977-02-02 07:58:38','2020-07-01 15:16:21'),(49,146,1,'2020-07-01 15:14:24','2005-11-17 08:31:15','2020-07-01 15:14:24'),(49,147,3,'2020-07-01 15:14:24','1979-03-22 02:00:54','2020-07-01 15:14:24'),(51,136,1,'2020-07-01 15:16:21','2017-01-25 10:12:58','2020-07-01 15:16:21'),(52,102,3,'2020-07-01 15:16:21','2001-12-13 19:52:08','2020-07-01 15:16:21'),(53,113,1,'2020-07-01 15:16:21','1995-03-15 03:05:37','2020-07-01 15:16:21'),(54,105,1,'2020-07-01 15:16:21','2015-07-10 22:41:54','2020-07-01 15:16:21'),(54,114,1,'2020-07-01 15:16:21','1992-02-08 16:17:30','2020-07-01 15:16:21'),(54,131,3,'2020-07-01 15:14:24','1995-01-16 19:06:36','2020-07-01 15:14:24'),(55,133,3,'2020-07-01 15:14:24','2005-09-14 10:36:25','2020-07-01 15:14:24'),(56,122,3,'2020-07-01 15:14:24','1976-02-08 14:27:37','2020-07-01 15:14:24'),(58,100,3,'2020-07-01 15:16:21','1990-09-28 10:24:06','2020-07-01 15:16:21'),(58,144,3,'2020-07-01 15:14:24','1999-01-31 09:12:31','2020-07-01 15:14:24'),(60,132,3,'2020-07-01 15:16:21','1992-03-23 08:23:51','2020-07-01 15:16:21'),(61,94,2,'2020-07-01 15:16:21','1984-07-06 16:06:56','2020-07-01 15:16:21'),(61,117,3,'2020-07-01 15:14:24','1992-03-18 14:19:55','2020-07-01 15:14:24'),(61,124,1,'2020-07-01 15:16:21','2011-10-27 17:43:03','2020-07-01 15:16:21'),(61,148,1,'2020-07-01 15:16:21','2018-10-21 02:23:05','2020-07-01 15:16:21'),(62,60,3,'2020-07-01 15:16:21','1984-12-12 08:11:02','2020-07-01 15:16:21'),(62,149,3,'2020-07-01 15:16:21','2020-06-07 16:44:35','2020-07-01 15:16:21'),(63,119,2,'2020-07-01 15:14:24','1993-03-23 02:44:49','2020-07-01 15:14:24'),(63,144,1,'2020-07-01 15:16:21','1991-08-28 15:47:24','2020-07-01 15:16:21'),(65,58,3,'2020-07-01 15:16:21','2007-06-20 18:23:51','2020-07-01 15:16:21'),(65,76,2,'2020-07-01 15:14:24','1973-09-05 22:38:37','2020-07-01 15:14:24'),(65,78,1,'2020-07-01 15:16:21','1994-05-29 05:07:59','2020-07-01 15:16:21'),(67,59,1,'2020-07-01 15:16:21','1997-12-21 14:38:46','2020-07-01 15:16:21'),(67,84,1,'2020-07-01 15:16:21','2006-09-15 10:10:47','2020-07-01 15:16:21'),(67,121,2,'2020-07-01 15:16:21','1987-10-28 07:13:40','2020-07-01 15:16:21'),(69,128,1,'2020-07-01 15:16:21','1993-01-05 22:31:31','2020-07-01 15:16:21'),(70,77,3,'2020-07-01 15:16:21','2005-05-03 05:25:54','2020-07-01 15:16:21'),(70,104,1,'2020-07-01 15:16:21','1996-08-07 20:09:06','2020-07-01 15:16:21'),(70,106,2,'2020-07-01 15:14:24','1977-12-29 04:22:54','2020-07-01 15:14:24'),(70,125,3,'2020-07-01 15:14:24','1971-06-08 11:29:49','2020-07-01 15:14:24'),(72,90,2,'2020-07-01 15:14:24','1970-06-10 19:08:19','2020-07-01 15:14:24'),(72,93,2,'2020-07-01 15:16:21','2016-01-10 09:16:29','2020-07-01 15:16:21'),(73,122,1,'2020-07-01 15:14:24','1987-11-18 16:12:01','2020-07-01 15:14:24'),(75,73,1,'2020-07-01 15:14:24','1984-07-03 15:36:11','2020-07-01 15:14:24'),(75,86,2,'2020-07-01 15:16:21','2017-10-11 12:27:05','2020-07-01 15:16:21'),(76,103,2,'2020-07-01 15:16:21','2013-04-17 11:41:07','2020-07-01 15:16:21'),(78,83,2,'2020-07-01 15:14:24','1999-03-20 13:53:25','2020-07-01 15:14:24'),(78,84,1,'2020-07-01 15:14:24','1972-02-09 14:00:57','2020-07-01 15:14:24'),(78,129,1,'2020-07-01 15:14:24','1994-05-08 16:15:20','2020-07-01 15:14:24'),(79,51,2,'2020-07-01 15:16:21','2003-11-19 01:09:53','2020-07-01 15:16:21'),(79,61,3,'2020-07-01 15:14:24','1998-02-28 03:53:45','2020-07-01 15:14:24'),(79,91,3,'2020-07-01 15:14:24','1985-11-04 12:46:47','2020-07-01 15:14:24'),(80,59,2,'2020-07-01 15:16:21','2007-06-13 06:48:02','2020-07-01 15:16:21'),(81,61,1,'2020-07-01 15:16:21','1990-06-05 12:52:39','2020-07-01 15:16:21'),(81,120,3,'2020-07-01 15:16:21','2014-01-23 03:33:49','2020-07-01 15:16:21'),(82,85,1,'2020-07-01 15:16:21','1993-01-02 03:15:23','2020-07-01 15:16:21'),(83,52,3,'2020-07-01 15:16:21','1995-01-03 20:43:45','2020-07-01 15:16:21'),(83,126,2,'2020-07-01 15:14:24','1981-09-17 10:17:49','2020-07-01 15:14:24'),(83,145,1,'2020-07-01 15:16:21','2001-12-22 17:05:17','2020-07-01 15:16:21'),(85,122,2,'2020-07-01 15:14:24','1984-11-29 06:58:15','2020-07-01 15:14:24'),(86,55,1,'2020-07-01 15:16:21','1995-02-01 10:58:45','2020-07-01 15:16:21'),(86,86,2,'2020-07-01 15:16:21','2014-05-17 22:27:17','2020-07-01 15:16:21'),(87,84,3,'2020-07-01 15:14:24','1982-06-01 04:45:04','2020-07-01 15:14:24'),(88,103,2,'2020-07-01 15:16:21','2004-06-14 01:42:35','2020-07-01 15:16:21'),(89,70,1,'2020-07-01 15:14:24','1982-08-04 06:16:16','2020-07-01 15:14:24'),(89,72,2,'2020-07-01 15:14:24','1971-04-11 16:59:53','2020-07-01 15:14:24'),(89,102,2,'2020-07-01 15:16:21','2003-01-10 06:59:57','2020-07-01 15:16:21'),(90,80,2,'2020-07-01 15:16:21','1993-03-17 14:18:54','2020-07-01 15:16:21'),(90,128,2,'2020-07-01 15:16:21','1994-03-15 21:09:59','2020-07-01 15:16:21'),(90,144,1,'2020-07-01 15:16:21','2017-07-07 09:40:32','2020-07-01 15:16:21'),(92,81,2,'2020-07-01 15:16:21','2008-09-12 12:34:34','2020-07-01 15:16:21'),(93,124,3,'2020-07-01 15:14:24','1977-02-18 15:26:02','2020-07-01 15:14:24'),(94,84,3,'2020-07-01 15:16:21','2006-01-28 00:11:23','2020-07-01 15:16:21'),(95,141,1,'2020-07-01 15:14:24','1971-02-26 18:50:03','2020-07-01 15:14:24'),(96,122,1,'2020-07-01 15:16:21','2011-09-10 06:12:31','2020-07-01 15:16:21'),(97,54,1,'2020-07-01 15:16:21','1992-07-20 09:21:45','2020-07-01 15:16:21'),(99,114,1,'2020-07-01 15:16:21','1986-11-26 02:51:14','2020-07-01 15:16:21'),(100,67,2,'2020-07-01 15:14:24','1976-08-23 04:59:28','2020-07-01 15:14:24'),(100,131,2,'2020-07-01 15:14:24','1973-05-26 22:41:16','2020-07-01 15:14:24'),(100,147,2,'2020-07-01 15:14:24','1999-07-30 05:33:33','2020-07-01 15:14:24');
/*!40000 ALTER TABLE `friendship` ENABLE KEYS */;
UNLOCK TABLES;

--
-- Table structure for table `friendship_statuses`
--

DROP TABLE IF EXISTS `friendship_statuses`;
/*!40101 SET @saved_cs_client     = @@character_set_client */;
/*!50503 SET character_set_client = utf8mb4 */;
CREATE TABLE `friendship_statuses` (
  `id` int unsigned NOT NULL AUTO_INCREMENT COMMENT 'Идентификатор строки',
  `name` varchar(150) CHARACTER SET utf8 COLLATE utf8_unicode_ci NOT NULL COMMENT 'Название статуса',
  `created_at` datetime DEFAULT CURRENT_TIMESTAMP COMMENT 'Время создания строки',
  `updated_at` datetime DEFAULT CURRENT_TIMESTAMP ON UPDATE CURRENT_TIMESTAMP COMMENT 'Время обновления строки',
  PRIMARY KEY (`id`),
  UNIQUE KEY `name` (`name`)
) ENGINE=InnoDB AUTO_INCREMENT=4 DEFAULT CHARSET=utf8 COLLATE=utf8_unicode_ci COMMENT='Статусы дружбы';
/*!40101 SET character_set_client = @saved_cs_client */;

--
-- Dumping data for table `friendship_statuses`
--

LOCK TABLES `friendship_statuses` WRITE;
/*!40000 ALTER TABLE `friendship_statuses` DISABLE KEYS */;
INSERT INTO `friendship_statuses` VALUES (1,'Requested','2020-07-01 15:10:50','2020-07-01 15:10:50'),(2,'Confirmed','2020-07-01 15:10:50','2020-07-01 15:10:50'),(3,'Rejected','2020-07-01 15:10:50','2020-07-01 15:10:50');
/*!40000 ALTER TABLE `friendship_statuses` ENABLE KEYS */;
UNLOCK TABLES;

--
-- Table structure for table `media`
--

DROP TABLE IF EXISTS `media`;
/*!40101 SET @saved_cs_client     = @@character_set_client */;
/*!50503 SET character_set_client = utf8mb4 */;
CREATE TABLE `media` (
  `id` int unsigned NOT NULL AUTO_INCREMENT COMMENT 'Идентификатор строки',
  `user_id` int unsigned NOT NULL COMMENT 'Ссылка на пользователя, который загрузил файл',
  `filename` varchar(255) CHARACTER SET utf8 COLLATE utf8_unicode_ci NOT NULL COMMENT 'Путь к файлу',
  `size` int NOT NULL COMMENT 'Размер файла',
  `metadata` json DEFAULT NULL,
  `media_type_id` int unsigned NOT NULL COMMENT 'Ссылка на тип контента',
  `created_at` datetime DEFAULT CURRENT_TIMESTAMP COMMENT 'Время создания строки',
  `updated_at` datetime DEFAULT CURRENT_TIMESTAMP ON UPDATE CURRENT_TIMESTAMP COMMENT 'Время обновления строки',
  PRIMARY KEY (`id`),
  CONSTRAINT `media_chk_1` CHECK (json_valid(`metadata`))
) ENGINE=InnoDB AUTO_INCREMENT=151 DEFAULT CHARSET=utf8 COLLATE=utf8_unicode_ci COMMENT='Медиафайлы';
/*!40101 SET character_set_client = @saved_cs_client */;

--
-- Dumping data for table `media`
--

LOCK TABLES `media` WRITE;
/*!40000 ALTER TABLE `media` DISABLE KEYS */;
INSERT INTO `media` VALUES (1,83,'https://dropbox.com/vk/vel.gif',2616,'{\"owner\": \"Vivian Waters\"}',2,'1996-09-19 09:10:23','2020-07-01 14:53:25'),(2,128,'https://dropbox.com/vk/expedita.jpeg',3510,'{\"owner\": \"Mireya Borer\"}',1,'2018-05-19 08:04:11','2020-07-01 14:53:25'),(3,140,'https://dropbox.com/vk/mollitia.jpeg',5935,'{\"owner\": \"Schuyler Schmidt\"}',1,'1982-07-21 12:01:03','2020-07-01 14:53:25'),(4,67,'https://dropbox.com/vk/sed.mpeg',2502,'{\"owner\": \"Greta Boyle\"}',3,'1996-06-24 10:10:37','2020-07-01 14:53:25'),(5,63,'https://dropbox.com/vk/tempora.gif',53171,'{\"owner\": \"Maybell Ledner\"}',3,'2015-09-27 19:10:16','2020-07-01 14:53:25'),(6,63,'https://dropbox.com/vk/sequi.png',1396,'{\"owner\": \"Maybell Ledner\"}',1,'2007-09-13 06:41:47','2020-07-01 14:53:25'),(7,78,'https://dropbox.com/vk/quam.jpeg',298951,'{\"owner\": \"Jamir Grady\"}',3,'2006-08-20 03:11:27','2020-07-01 14:53:25'),(8,51,'https://dropbox.com/vk/voluptas.jpeg',3004,'{\"owner\": \"Haleigh Eichmann\"}',3,'1970-05-14 11:21:52','2020-07-01 14:53:25'),(9,69,'https://dropbox.com/vk/deleniti.avi',4736,'{\"owner\": \"Delphia Koelpin\"}',1,'2001-12-21 08:17:17','2020-07-01 14:53:25'),(10,142,'https://dropbox.com/vk/molestiae.gif',5018,'{\"owner\": \"Desmond Herman\"}',1,'1998-03-08 08:33:47','2020-07-01 14:53:25'),(11,53,'https://dropbox.com/vk/pariatur.jpeg',3433,'{\"owner\": \"Sid Schultz\"}',2,'2011-10-10 17:54:35','2020-07-01 14:53:25'),(12,88,'https://dropbox.com/vk/accusantium.gif',1668,'{\"owner\": \"Myah Strosin\"}',1,'1981-03-01 11:51:25','2020-07-01 14:53:25'),(13,131,'https://dropbox.com/vk/voluptas.gif',7531,'{\"owner\": \"Concepcion Cassin\"}',3,'2014-09-21 13:32:03','2020-07-01 14:53:25'),(14,139,'https://dropbox.com/vk/ut.avi',3296,'{\"owner\": \"Fern Purdy\"}',3,'1973-05-17 18:58:36','2020-07-01 14:53:25'),(15,51,'https://dropbox.com/vk/quia.jpeg',4967,'{\"owner\": \"Haleigh Eichmann\"}',3,'1991-08-01 11:36:59','2020-07-01 14:53:25'),(16,90,'https://dropbox.com/vk/aut.gif',3504,'{\"owner\": \"Amy Zboncak\"}',3,'2015-05-26 06:07:52','2020-07-01 14:53:25'),(17,146,'https://dropbox.com/vk/et.mpeg',2061,'{\"owner\": \"Stacy Larkin\"}',2,'2007-04-04 04:38:41','2020-07-01 14:53:25'),(18,107,'https://dropbox.com/vk/et.avi',9370,'{\"owner\": \"Helena Lueilwitz\"}',3,'1992-10-17 23:10:49','2020-07-01 14:53:25'),(19,149,'https://dropbox.com/vk/cumque.avi',4058,'{\"owner\": \"Pink Ledner\"}',3,'2011-11-25 20:32:29','2020-07-01 14:53:25'),(20,73,'https://dropbox.com/vk/est.png',3101,'{\"owner\": \"Alysa Witting\"}',3,'1995-08-20 07:28:21','2020-07-01 14:53:25'),(21,67,'https://dropbox.com/vk/harum.mpeg',5292,'{\"owner\": \"Greta Boyle\"}',3,'2001-05-20 07:08:26','2020-07-01 14:53:25'),(22,64,'https://dropbox.com/vk/possimus.mpeg',1145,'{\"owner\": \"Magdalen Koch\"}',2,'1991-07-17 06:32:56','2020-07-01 14:53:25'),(23,69,'https://dropbox.com/vk/architecto.mpeg',7179,'{\"owner\": \"Delphia Koelpin\"}',3,'2006-07-03 20:20:10','2020-07-01 14:53:25'),(24,102,'https://dropbox.com/vk/fugit.png',8500,'{\"owner\": \"Chaim White\"}',1,'1989-07-17 21:30:45','2020-07-01 14:53:25'),(25,52,'https://dropbox.com/vk/recusandae.png',9212,'{\"owner\": \"Gaston Wunsch\"}',3,'1970-09-26 08:44:03','2020-07-01 14:53:25'),(26,106,'https://dropbox.com/vk/laudantium.jpeg',5671,'{\"owner\": \"Imelda Mante\"}',1,'2011-12-20 19:43:24','2020-07-01 14:53:25'),(27,123,'https://dropbox.com/vk/laudantium.jpeg',3313,'{\"owner\": \"Melody Waelchi\"}',3,'1977-06-24 04:15:48','2020-07-01 14:53:25'),(28,147,'https://dropbox.com/vk/sunt.png',6513,'{\"owner\": \"Sophie Schuppe\"}',3,'2011-07-27 16:48:56','2020-07-01 14:53:25'),(29,115,'https://dropbox.com/vk/sed.mpeg',5281,'{\"owner\": \"Jakob Kuhlman\"}',3,'1980-03-31 17:03:08','2020-07-01 14:53:25'),(30,85,'https://dropbox.com/vk/optio.png',2026,'{\"owner\": \"Dimitri Schmidt\"}',1,'2002-06-12 15:18:22','2020-07-01 14:53:25'),(31,128,'https://dropbox.com/vk/delectus.avi',325243,'{\"owner\": \"Mireya Borer\"}',1,'1981-09-13 12:50:04','2020-07-01 14:53:25'),(32,133,'https://dropbox.com/vk/consequatur.mpeg',3132,'{\"owner\": \"Elsie Robel\"}',2,'1983-07-04 15:33:06','2020-07-01 14:53:25'),(33,133,'https://dropbox.com/vk/quidem.avi',2420,'{\"owner\": \"Elsie Robel\"}',3,'1976-08-26 09:17:18','2020-07-01 14:53:25'),(34,115,'https://dropbox.com/vk/reprehenderit.gif',2118,'{\"owner\": \"Jakob Kuhlman\"}',3,'2004-04-17 10:36:18','2020-07-01 14:53:25'),(35,125,'https://dropbox.com/vk/distinctio.mpeg',4454,'{\"owner\": \"Jayson Metz\"}',3,'1972-08-08 11:20:08','2020-07-01 14:53:25'),(36,131,'https://dropbox.com/vk/nihil.mpeg',9453,'{\"owner\": \"Concepcion Cassin\"}',3,'2014-02-28 19:02:54','2020-07-01 14:53:25'),(37,130,'https://dropbox.com/vk/quae.mpeg',3499,'{\"owner\": \"Shea Stroman\"}',1,'2020-05-16 08:57:45','2020-07-01 14:53:25'),(38,104,'https://dropbox.com/vk/qui.gif',4382,'{\"owner\": \"Javon Abbott\"}',1,'2000-04-25 23:04:46','2020-07-01 14:53:25'),(39,79,'https://dropbox.com/vk/dolores.jpeg',4484,'{\"owner\": \"Myrtice Rice\"}',3,'1979-10-11 06:07:23','2020-07-01 14:53:25'),(40,132,'https://dropbox.com/vk/aliquid.mpeg',719364,'{\"owner\": \"Major Greenholt\"}',1,'2000-11-11 22:18:15','2020-07-01 14:53:25'),(41,75,'https://dropbox.com/vk/et.mpeg',5348,'{\"owner\": \"Gia Douglas\"}',3,'2002-11-04 22:12:31','2020-07-01 14:53:25'),(42,130,'https://dropbox.com/vk/illo.jpeg',5407,'{\"owner\": \"Shea Stroman\"}',1,'1997-01-26 00:11:46','2020-07-01 14:53:25'),(43,71,'https://dropbox.com/vk/voluptatem.png',5957,'{\"owner\": \"Salvatore McLaughlin\"}',1,'1996-12-01 00:23:33','2020-07-01 14:53:25'),(44,115,'https://dropbox.com/vk/repellendus.mpeg',4744,'{\"owner\": \"Jakob Kuhlman\"}',2,'1974-07-25 08:55:22','2020-07-01 14:53:25'),(45,112,'https://dropbox.com/vk/ipsam.jpeg',9588,'{\"owner\": \"Kaden Frami\"}',1,'2003-01-29 20:59:07','2020-07-01 14:53:25'),(46,66,'https://dropbox.com/vk/veritatis.jpeg',9492,'{\"owner\": \"Alexanne Friesen\"}',3,'2012-07-22 09:27:49','2020-07-01 14:53:25'),(47,143,'https://dropbox.com/vk/quae.gif',2273,'{\"owner\": \"Georgette Ziemann\"}',1,'1981-10-23 01:28:15','2020-07-01 14:53:25'),(48,66,'https://dropbox.com/vk/explicabo.gif',7343,'{\"owner\": \"Alexanne Friesen\"}',3,'2014-09-06 02:02:11','2020-07-01 14:53:25'),(49,150,'https://dropbox.com/vk/corporis.avi',9516,'{\"owner\": \"Earnest Kirlin\"}',1,'1984-11-08 02:36:18','2020-07-01 14:53:25'),(50,102,'https://dropbox.com/vk/enim.png',4664,'{\"owner\": \"Chaim White\"}',2,'1977-12-03 10:58:35','2020-07-01 14:53:25'),(51,109,'https://dropbox.com/vk/eaque.gif',8533,'{\"owner\": \"Earnestine Kautzer\"}',2,'1974-09-24 19:55:26','2020-07-01 14:53:25'),(52,88,'https://dropbox.com/vk/ratione.mpeg',3400,'{\"owner\": \"Myah Strosin\"}',2,'1983-12-22 17:04:04','2020-07-01 14:53:25'),(53,65,'https://dropbox.com/vk/doloribus.jpeg',4633,'{\"owner\": \"Adalberto Kassulke\"}',3,'1972-11-30 10:24:24','2020-07-01 14:53:25'),(54,108,'https://dropbox.com/vk/harum.avi',9075,'{\"owner\": \"Abbie Frami\"}',3,'1996-08-31 14:40:19','2020-07-01 14:53:25'),(55,96,'https://dropbox.com/vk/veniam.jpeg',8850,'{\"owner\": \"Raoul Lakin\"}',3,'1995-11-13 01:50:28','2020-07-01 14:53:25'),(56,104,'https://dropbox.com/vk/quis.gif',2782,'{\"owner\": \"Javon Abbott\"}',3,'2008-07-16 03:43:50','2020-07-01 14:53:25'),(57,80,'https://dropbox.com/vk/vero.avi',1848,'{\"owner\": \"Adeline Hahn\"}',2,'1978-07-07 11:46:44','2020-07-01 14:53:25'),(58,140,'https://dropbox.com/vk/autem.gif',611090,'{\"owner\": \"Schuyler Schmidt\"}',2,'2000-07-20 17:55:00','2020-07-01 14:53:25'),(59,108,'https://dropbox.com/vk/et.png',9082,'{\"owner\": \"Abbie Frami\"}',3,'2001-02-01 18:45:22','2020-07-01 14:53:25'),(60,70,'https://dropbox.com/vk/qui.gif',3316,'{\"owner\": \"Leila Hamill\"}',3,'2018-12-29 12:17:55','2020-07-01 14:53:25'),(61,74,'https://dropbox.com/vk/consequatur.jpeg',8400,'{\"owner\": \"Mikayla Johnson\"}',2,'2013-08-24 02:06:59','2020-07-01 14:53:25'),(62,110,'https://dropbox.com/vk/facere.avi',5577,'{\"owner\": \"Pauline Kohler\"}',1,'2001-06-24 17:19:40','2020-07-01 14:53:25'),(63,80,'https://dropbox.com/vk/libero.avi',8456,'{\"owner\": \"Adeline Hahn\"}',1,'2015-01-01 14:50:43','2020-07-01 14:53:25'),(64,117,'https://dropbox.com/vk/ipsum.gif',3353,'{\"owner\": \"Ottilie Williamson\"}',2,'2020-05-04 23:42:29','2020-07-01 14:53:25'),(65,94,'https://dropbox.com/vk/perspiciatis.gif',6488,'{\"owner\": \"Freeda Mohr\"}',1,'1983-06-14 23:26:58','2020-07-01 14:53:25'),(66,69,'https://dropbox.com/vk/dolores.png',6329,'{\"owner\": \"Delphia Koelpin\"}',1,'2004-01-08 17:33:03','2020-07-01 14:53:25'),(67,113,'https://dropbox.com/vk/saepe.gif',9651,'{\"owner\": \"Elinor Tremblay\"}',1,'2015-10-09 08:42:12','2020-07-01 14:53:25'),(68,106,'https://dropbox.com/vk/nesciunt.gif',3547,'{\"owner\": \"Imelda Mante\"}',3,'2012-10-19 08:43:04','2020-07-01 14:53:25'),(69,140,'https://dropbox.com/vk/totam.png',4159,'{\"owner\": \"Schuyler Schmidt\"}',1,'1995-06-23 06:46:15','2020-07-01 14:53:25'),(70,134,'https://dropbox.com/vk/aliquam.png',4608,'{\"owner\": \"Corrine Weber\"}',3,'2004-12-06 20:56:09','2020-07-01 14:53:25'),(71,100,'https://dropbox.com/vk/praesentium.png',7569,'{\"owner\": \"Aric Runolfsson\"}',3,'1998-01-17 09:36:51','2020-07-01 14:53:25'),(72,147,'https://dropbox.com/vk/odio.gif',2094,'{\"owner\": \"Sophie Schuppe\"}',2,'2018-06-10 14:58:45','2020-07-01 14:53:25'),(73,84,'https://dropbox.com/vk/rerum.jpeg',1527,'{\"owner\": \"Jeromy Lynch\"}',3,'1998-06-04 14:07:42','2020-07-01 14:53:25'),(74,128,'https://dropbox.com/vk/asperiores.mpeg',4061,'{\"owner\": \"Mireya Borer\"}',2,'1987-01-12 09:23:00','2020-07-01 14:53:25'),(75,138,'https://dropbox.com/vk/officia.gif',2991,'{\"owner\": \"Maddison Ziemann\"}',3,'1974-08-02 15:33:39','2020-07-01 14:53:25'),(76,57,'https://dropbox.com/vk/maxime.jpeg',5398,'{\"owner\": \"Jennyfer Stamm\"}',3,'2004-04-10 06:57:09','2020-07-01 14:53:25'),(77,121,'https://dropbox.com/vk/repellendus.avi',3089,'{\"owner\": \"Nakia Schimmel\"}',3,'1970-02-21 04:29:34','2020-07-01 14:53:25'),(78,81,'https://dropbox.com/vk/omnis.avi',2398,'{\"owner\": \"Bryce Waters\"}',3,'2020-01-03 10:26:37','2020-07-01 14:53:25'),(79,91,'https://dropbox.com/vk/consequatur.mpeg',9836,'{\"owner\": \"Zack Jacobs\"}',2,'2007-03-25 21:06:45','2020-07-01 14:53:25'),(80,62,'https://dropbox.com/vk/iusto.gif',1933,'{\"owner\": \"Kody Adams\"}',2,'2005-06-28 12:56:59','2020-07-01 14:53:25'),(81,88,'https://dropbox.com/vk/amet.avi',3271,'{\"owner\": \"Myah Strosin\"}',2,'2010-02-27 03:39:33','2020-07-01 14:53:25'),(82,101,'https://dropbox.com/vk/blanditiis.mpeg',3752,'{\"owner\": \"Drew Kling\"}',3,'2006-06-24 06:53:11','2020-07-01 14:53:25'),(83,93,'https://dropbox.com/vk/modi.mpeg',1058,'{\"owner\": \"Gust Champlin\"}',1,'2004-10-18 19:02:50','2020-07-01 14:53:25'),(84,111,'https://dropbox.com/vk/qui.avi',887361,'{\"owner\": \"Mazie Quigley\"}',3,'1983-07-20 06:03:17','2020-07-01 14:53:25'),(85,123,'https://dropbox.com/vk/consectetur.png',7169,'{\"owner\": \"Melody Waelchi\"}',1,'1978-11-22 06:17:48','2020-07-01 14:53:25'),(86,135,'https://dropbox.com/vk/et.mpeg',4172,'{\"owner\": \"Chaim Bernhard\"}',2,'1995-06-18 15:15:19','2020-07-01 14:53:25'),(87,54,'https://dropbox.com/vk/dolorum.jpeg',7878,'{\"owner\": \"Lamar Blanda\"}',2,'2002-04-21 12:13:48','2020-07-01 14:53:25'),(88,116,'https://dropbox.com/vk/nam.mpeg',5076,'{\"owner\": \"Howell Satterfield\"}',1,'2011-11-12 07:43:48','2020-07-01 14:53:25'),(89,66,'https://dropbox.com/vk/temporibus.png',5284,'{\"owner\": \"Alexanne Friesen\"}',1,'1987-04-22 10:40:58','2020-07-01 14:53:25'),(90,130,'https://dropbox.com/vk/rem.gif',4177,'{\"owner\": \"Shea Stroman\"}',3,'2006-05-10 16:25:30','2020-07-01 14:53:25'),(91,103,'https://dropbox.com/vk/fuga.png',9994,'{\"owner\": \"Greta Dietrich\"}',2,'1985-03-02 06:56:24','2020-07-01 14:53:25'),(92,76,'https://dropbox.com/vk/quis.jpeg',4775,'{\"owner\": \"Arnaldo Wolf\"}',1,'1997-01-23 21:12:28','2020-07-01 14:53:25'),(93,121,'https://dropbox.com/vk/voluptatem.mpeg',3845,'{\"owner\": \"Nakia Schimmel\"}',2,'2018-12-03 14:52:39','2020-07-01 14:53:25'),(94,127,'https://dropbox.com/vk/sint.gif',9804,'{\"owner\": \"Baby Kautzer\"}',3,'2013-01-24 21:06:52','2020-07-01 14:53:25'),(95,120,'https://dropbox.com/vk/autem.mpeg',8357,'{\"owner\": \"Lysanne Padberg\"}',1,'1994-03-20 17:01:33','2020-07-01 14:53:25'),(96,69,'https://dropbox.com/vk/saepe.avi',1739,'{\"owner\": \"Delphia Koelpin\"}',1,'1979-10-17 10:54:16','2020-07-01 14:53:25'),(97,134,'https://dropbox.com/vk/error.jpeg',4178,'{\"owner\": \"Corrine Weber\"}',3,'1980-04-19 06:51:29','2020-07-01 14:53:25'),(98,112,'https://dropbox.com/vk/qui.avi',4562,'{\"owner\": \"Kaden Frami\"}',1,'2006-01-14 13:09:41','2020-07-01 14:53:25'),(99,107,'https://dropbox.com/vk/nisi.avi',1433,'{\"owner\": \"Helena Lueilwitz\"}',1,'1999-06-06 13:42:34','2020-07-01 14:53:25'),(100,148,'https://dropbox.com/vk/fugiat.mpeg',9360,'{\"owner\": \"Deborah Green\"}',2,'1995-06-21 06:45:06','2020-07-01 14:53:25'),(101,70,'https://dropbox.com/vk/suscipit.gif',593533,'{\"owner\": \"Leila Hamill\"}',3,'2003-12-01 15:13:06','2020-07-01 14:53:25'),(102,56,'https://dropbox.com/vk/aspernatur.jpeg',6632,'{\"owner\": \"Michel Haag\"}',1,'1999-08-05 02:27:10','2020-07-01 14:53:25'),(103,117,'https://dropbox.com/vk/vel.png',8713,'{\"owner\": \"Ottilie Williamson\"}',3,'1974-06-29 14:18:57','2020-07-01 14:53:25'),(104,68,'https://dropbox.com/vk/omnis.gif',7967,'{\"owner\": \"Adelbert Streich\"}',1,'1970-10-27 03:56:31','2020-07-01 14:53:25'),(105,137,'https://dropbox.com/vk/quia.png',8735,'{\"owner\": \"Finn McLaughlin\"}',3,'2006-07-28 01:08:08','2020-07-01 14:53:25'),(106,130,'https://dropbox.com/vk/et.mpeg',2398,'{\"owner\": \"Shea Stroman\"}',2,'1983-10-12 14:27:07','2020-07-01 14:53:25'),(107,90,'https://dropbox.com/vk/ut.jpeg',1105,'{\"owner\": \"Amy Zboncak\"}',3,'2019-02-11 14:06:37','2020-07-01 14:53:25'),(108,110,'https://dropbox.com/vk/quia.gif',3755,'{\"owner\": \"Pauline Kohler\"}',3,'2010-04-16 07:01:02','2020-07-01 14:53:25'),(109,127,'https://dropbox.com/vk/quas.avi',295584,'{\"owner\": \"Baby Kautzer\"}',1,'1971-03-02 16:37:39','2020-07-01 14:53:25'),(110,57,'https://dropbox.com/vk/aliquid.avi',1157,'{\"owner\": \"Jennyfer Stamm\"}',1,'1993-12-07 19:19:07','2020-07-01 14:53:25'),(111,54,'https://dropbox.com/vk/nihil.jpeg',2178,'{\"owner\": \"Lamar Blanda\"}',2,'1984-10-12 09:33:31','2020-07-01 14:53:25'),(112,147,'https://dropbox.com/vk/sit.gif',2210,'{\"owner\": \"Sophie Schuppe\"}',2,'2016-11-26 09:06:59','2020-07-01 14:53:25'),(113,125,'https://dropbox.com/vk/qui.jpeg',6067,'{\"owner\": \"Jayson Metz\"}',1,'2004-05-26 00:52:49','2020-07-01 14:53:25'),(114,130,'https://dropbox.com/vk/natus.gif',9391,'{\"owner\": \"Shea Stroman\"}',2,'2000-04-30 19:21:09','2020-07-01 14:53:25'),(115,127,'https://dropbox.com/vk/voluptatem.gif',687320,'{\"owner\": \"Baby Kautzer\"}',2,'1983-09-25 02:36:57','2020-07-01 14:53:25'),(116,93,'https://dropbox.com/vk/corrupti.mpeg',539851,'{\"owner\": \"Gust Champlin\"}',3,'2005-12-23 18:58:58','2020-07-01 14:53:25'),(117,135,'https://dropbox.com/vk/et.jpeg',5993,'{\"owner\": \"Chaim Bernhard\"}',2,'2012-01-09 08:54:35','2020-07-01 14:53:25'),(118,143,'https://dropbox.com/vk/error.gif',5174,'{\"owner\": \"Georgette Ziemann\"}',3,'1992-02-26 01:00:17','2020-07-01 14:53:25'),(119,61,'https://dropbox.com/vk/aut.png',5666,'{\"owner\": \"Philip Bruen\"}',2,'1996-02-14 19:19:16','2020-07-01 14:53:25'),(120,124,'https://dropbox.com/vk/et.png',3451,'{\"owner\": \"Meagan Goyette\"}',3,'2018-11-12 21:38:00','2020-07-01 14:53:25'),(121,89,'https://dropbox.com/vk/odit.gif',1045,'{\"owner\": \"Zetta Heller\"}',1,'1988-08-08 23:43:09','2020-07-01 14:53:25'),(122,121,'https://dropbox.com/vk/reiciendis.gif',6254,'{\"owner\": \"Nakia Schimmel\"}',2,'1970-11-02 04:01:52','2020-07-01 14:53:25'),(123,89,'https://dropbox.com/vk/ullam.avi',9100,'{\"owner\": \"Zetta Heller\"}',2,'1987-03-23 08:16:35','2020-07-01 14:53:25'),(124,129,'https://dropbox.com/vk/hic.mpeg',2823,'{\"owner\": \"Evelyn Beahan\"}',3,'1986-02-20 05:59:51','2020-07-01 14:53:25'),(125,129,'https://dropbox.com/vk/ipsa.avi',7350,'{\"owner\": \"Evelyn Beahan\"}',2,'1982-03-06 13:08:47','2020-07-01 14:53:25'),(126,106,'https://dropbox.com/vk/nam.gif',7183,'{\"owner\": \"Imelda Mante\"}',3,'2011-03-07 08:33:18','2020-07-01 14:53:25'),(127,93,'https://dropbox.com/vk/saepe.avi',2982,'{\"owner\": \"Gust Champlin\"}',1,'1995-09-11 05:22:56','2020-07-01 14:53:25'),(128,97,'https://dropbox.com/vk/et.png',1427,'{\"owner\": \"Kristy Sipes\"}',3,'2000-05-27 22:08:38','2020-07-01 14:53:25'),(129,57,'https://dropbox.com/vk/vitae.jpeg',7524,'{\"owner\": \"Jennyfer Stamm\"}',3,'1997-04-25 09:19:46','2020-07-01 14:53:25'),(130,141,'https://dropbox.com/vk/excepturi.avi',1800,'{\"owner\": \"Bette Zulauf\"}',3,'1993-12-06 22:41:17','2020-07-01 14:53:25'),(131,84,'https://dropbox.com/vk/perferendis.png',4899,'{\"owner\": \"Jeromy Lynch\"}',3,'1974-12-28 02:47:59','2020-07-01 14:53:25'),(132,146,'https://dropbox.com/vk/qui.avi',3095,'{\"owner\": \"Stacy Larkin\"}',3,'2013-10-19 09:19:46','2020-07-01 14:53:25'),(133,128,'https://dropbox.com/vk/velit.mpeg',2409,'{\"owner\": \"Mireya Borer\"}',3,'1973-11-04 06:55:32','2020-07-01 14:53:25'),(134,51,'https://dropbox.com/vk/molestiae.png',9575,'{\"owner\": \"Haleigh Eichmann\"}',1,'1995-09-21 01:30:49','2020-07-01 14:53:25'),(135,120,'https://dropbox.com/vk/quas.avi',8677,'{\"owner\": \"Lysanne Padberg\"}',3,'1979-11-21 21:19:26','2020-07-01 14:53:25'),(136,95,'https://dropbox.com/vk/ut.avi',6011,'{\"owner\": \"Hudson Wunsch\"}',1,'1977-02-03 12:09:27','2020-07-01 14:53:25'),(137,66,'https://dropbox.com/vk/temporibus.gif',6719,'{\"owner\": \"Alexanne Friesen\"}',2,'1984-09-10 07:54:30','2020-07-01 14:53:25'),(138,96,'https://dropbox.com/vk/sed.avi',3606,'{\"owner\": \"Raoul Lakin\"}',2,'1971-09-08 15:34:56','2020-07-01 14:53:25'),(139,132,'https://dropbox.com/vk/commodi.png',1470,'{\"owner\": \"Major Greenholt\"}',2,'2010-06-20 08:23:00','2020-07-01 14:53:25'),(140,120,'https://dropbox.com/vk/excepturi.avi',7736,'{\"owner\": \"Lysanne Padberg\"}',2,'1992-01-08 06:29:35','2020-07-01 14:53:25'),(141,53,'https://dropbox.com/vk/quam.avi',3140,'{\"owner\": \"Sid Schultz\"}',1,'1997-03-07 16:14:41','2020-07-01 14:53:25'),(142,55,'https://dropbox.com/vk/ullam.jpeg',5773,'{\"owner\": \"Friedrich Sawayn\"}',3,'1986-02-24 06:15:01','2020-07-01 14:53:25'),(143,65,'https://dropbox.com/vk/deleniti.jpeg',4450,'{\"owner\": \"Adalberto Kassulke\"}',2,'1976-10-18 20:38:59','2020-07-01 14:53:25'),(144,110,'https://dropbox.com/vk/animi.mpeg',627296,'{\"owner\": \"Pauline Kohler\"}',1,'2002-02-06 11:15:03','2020-07-01 14:53:25'),(145,103,'https://dropbox.com/vk/beatae.png',5522,'{\"owner\": \"Greta Dietrich\"}',2,'2020-03-01 00:24:44','2020-07-01 14:53:25'),(146,134,'https://dropbox.com/vk/voluptatem.jpeg',4881,'{\"owner\": \"Corrine Weber\"}',3,'2002-09-11 09:01:16','2020-07-01 14:53:25'),(147,111,'https://dropbox.com/vk/doloribus.jpeg',8999,'{\"owner\": \"Mazie Quigley\"}',2,'1996-11-07 16:47:26','2020-07-01 14:53:25'),(148,104,'https://dropbox.com/vk/amet.mpeg',506926,'{\"owner\": \"Javon Abbott\"}',3,'2010-04-10 15:32:57','2020-07-01 14:53:25'),(149,136,'https://dropbox.com/vk/eveniet.gif',5618,'{\"owner\": \"Callie Auer\"}',1,'1974-10-03 07:44:05','2020-07-01 14:53:25'),(150,118,'https://dropbox.com/vk/id.jpeg',4070,'{\"owner\": \"Abdiel Gaylord\"}',2,'1986-09-27 10:18:39','2020-07-01 14:53:25');
/*!40000 ALTER TABLE `media` ENABLE KEYS */;
UNLOCK TABLES;

--
-- Table structure for table `media_types`
--

DROP TABLE IF EXISTS `media_types`;
/*!40101 SET @saved_cs_client     = @@character_set_client */;
/*!50503 SET character_set_client = utf8mb4 */;
CREATE TABLE `media_types` (
  `id` int unsigned NOT NULL AUTO_INCREMENT COMMENT 'Идентификатор строки',
  `name` varchar(255) CHARACTER SET utf8 COLLATE utf8_unicode_ci NOT NULL COMMENT 'Название типа',
  `created_at` datetime DEFAULT CURRENT_TIMESTAMP COMMENT 'Время создания строки',
  `updated_at` datetime DEFAULT CURRENT_TIMESTAMP ON UPDATE CURRENT_TIMESTAMP COMMENT 'Время обновления строки',
  PRIMARY KEY (`id`),
  UNIQUE KEY `name` (`name`)
) ENGINE=InnoDB AUTO_INCREMENT=4 DEFAULT CHARSET=utf8 COLLATE=utf8_unicode_ci COMMENT='Типы медиафайлов';
/*!40101 SET character_set_client = @saved_cs_client */;

--
-- Dumping data for table `media_types`
--

LOCK TABLES `media_types` WRITE;
/*!40000 ALTER TABLE `media_types` DISABLE KEYS */;
INSERT INTO `media_types` VALUES (1,'photo','2020-07-01 14:30:58','2020-07-01 14:30:58'),(2,'video','2020-07-01 14:30:58','2020-07-01 14:30:58'),(3,'audio','2020-07-01 14:30:58','2020-07-01 14:30:58');
/*!40000 ALTER TABLE `media_types` ENABLE KEYS */;
UNLOCK TABLES;

--
-- Table structure for table `messages`
--

DROP TABLE IF EXISTS `messages`;
/*!40101 SET @saved_cs_client     = @@character_set_client */;
/*!50503 SET character_set_client = utf8mb4 */;
CREATE TABLE `messages` (
  `id` int unsigned NOT NULL AUTO_INCREMENT COMMENT 'Идентификатор строки',
  `from_user_id` int unsigned NOT NULL COMMENT 'Ссылка на отправителя сообщения',
  `to_user_id` int unsigned NOT NULL COMMENT 'Ссылка на получателя сообщения',
  `body` text CHARACTER SET utf8 COLLATE utf8_unicode_ci NOT NULL COMMENT 'Текст сообщения',
  `is_important` tinyint(1) DEFAULT NULL COMMENT 'Признак важности',
  `is_delivered` tinyint(1) DEFAULT NULL COMMENT 'Признак доставки',
  `created_at` datetime DEFAULT CURRENT_TIMESTAMP COMMENT 'Время создания строки',
  `updated_at` datetime DEFAULT CURRENT_TIMESTAMP ON UPDATE CURRENT_TIMESTAMP COMMENT 'Время обновления строки',
  PRIMARY KEY (`id`)
) ENGINE=InnoDB AUTO_INCREMENT=151 DEFAULT CHARSET=utf8 COLLATE=utf8_unicode_ci COMMENT='Сообщения';
/*!40101 SET character_set_client = @saved_cs_client */;

--
-- Dumping data for table `messages`
--

LOCK TABLES `messages` WRITE;
/*!40000 ALTER TABLE `messages` DISABLE KEYS */;
INSERT INTO `messages` VALUES (1,73,100,'Sint laboriosam ut corporis odit. Dolores et ipsam labore laboriosam. Quidem excepturi porro sunt optio voluptas hic nobis quia.',1,1,'1970-11-23 23:15:12','2020-07-01 14:19:13'),(2,129,93,'Ipsum enim natus velit molestias dolore culpa. Vero porro molestiae reprehenderit. Quos accusantium ea natus est. Culpa qui omnis quia nisi commodi nostrum accusamus. Vel dolores est et deserunt vitae est laboriosam qui.',1,0,'1988-03-30 03:17:05','2020-07-01 14:19:13'),(3,129,115,'Est temporibus quidem optio eum voluptas quam. Optio cupiditate unde nihil et rerum. Quisquam vel in beatae ipsam sint. Rerum enim quia qui blanditiis.',0,0,'2013-04-13 11:29:49','2020-07-01 14:19:13'),(4,137,92,'Repellendus architecto incidunt quo nihil quia qui quo dolores. Explicabo hic vel ut quos. Architecto similique sint provident qui natus voluptas voluptatibus.',0,0,'1970-10-19 21:35:13','2020-07-01 14:19:13'),(5,97,60,'Maiores corrupti reiciendis delectus amet. Laborum ad aut incidunt. Culpa omnis similique necessitatibus debitis quo. Incidunt eum fuga consequatur. Enim id reprehenderit quis voluptas quaerat.',0,0,'2020-06-22 01:55:30','2020-07-01 14:19:13'),(6,58,61,'Quod doloribus doloribus recusandae non quos iure. Id quis qui porro debitis voluptates fugit sapiente. Molestiae quisquam alias harum architecto expedita odit enim non.',0,0,'1974-03-27 20:23:23','2020-07-01 14:19:13'),(7,78,57,'Consectetur quas quidem omnis beatae autem voluptatum. Asperiores quia magnam sed itaque eum ullam. Ab quia porro quia earum earum ratione. Quasi iste deleniti maxime at culpa.',0,1,'1974-02-19 23:04:52','2020-07-01 14:19:13'),(8,102,87,'Placeat minima qui aut enim et reprehenderit. Voluptates quibusdam nostrum est. Aut quae numquam repellendus sint enim excepturi reiciendis laborum. Similique sed magni laboriosam iste unde distinctio.',0,1,'2011-03-12 22:51:05','2020-07-01 14:19:13'),(9,77,74,'Nulla enim quo dolor est. Accusamus in amet eveniet et et officia. Labore recusandae autem nulla qui alias quaerat excepturi dignissimos.',1,1,'1977-03-05 15:30:11','2020-07-01 14:19:13'),(10,90,76,'Quod non ut facere eos vitae aut. Laboriosam aliquid aut nulla omnis odio. Totam fugiat consequatur voluptatem nihil doloremque veritatis.',1,1,'1974-03-04 16:07:43','2020-07-01 14:19:13'),(11,60,120,'Temporibus alias tempora autem ipsum ex. Ut repellendus similique eum beatae. Quis nisi nostrum nostrum a expedita ea. Eius sed quis omnis suscipit perferendis eaque.',1,0,'1978-08-31 07:03:38','2020-07-01 14:19:13'),(12,70,141,'Vel quas culpa quia nihil autem atque. Minima ut quidem vel quis. Consequuntur non magni fugiat rerum rem.',0,1,'1979-08-17 10:32:29','2020-07-01 14:19:13'),(13,143,143,'Sapiente autem ex et nam. Ut temporibus numquam autem corporis nam laudantium eligendi. Minima sit perspiciatis voluptatum quam eum.',1,0,'1991-07-27 09:28:07','2020-07-01 14:19:13'),(14,137,103,'Et odit eos accusamus recusandae dolorem harum. Quia quam ullam ullam iusto quaerat. Non maxime quis cumque nobis aliquam sint voluptatem. Et voluptatem hic omnis quia excepturi.',0,0,'1999-12-18 19:14:56','2020-07-01 14:19:13'),(15,53,106,'Nam autem distinctio reiciendis vero iure. Illo inventore incidunt iste. Id ut reprehenderit libero nihil ut.',1,1,'1987-09-02 07:26:19','2020-07-01 14:19:13'),(16,120,133,'Corrupti itaque quis nostrum sed eligendi nisi sit quidem. Vel earum ut soluta aut. Quia consequuntur nobis nisi consequuntur praesentium. Neque sit nihil sed maxime itaque quam nobis.',0,1,'1975-11-29 17:18:10','2020-07-01 14:19:13'),(17,54,121,'Magnam rerum ut soluta consequatur eum molestiae. Consectetur autem eveniet modi consequuntur beatae in. Sit inventore expedita aut et minima.',0,1,'2017-10-16 07:27:02','2020-07-01 14:19:13'),(18,91,141,'Ea voluptate reprehenderit sapiente fuga. Accusamus et ipsum voluptas inventore et aut. Quidem architecto nihil expedita iste nisi maxime consequatur. Magnam blanditiis doloremque mollitia numquam velit iure dolor.',0,0,'1977-06-01 01:02:34','2020-07-01 14:19:13'),(19,81,134,'Voluptatibus eius corrupti vitae voluptatum repellendus quam repudiandae aut. Velit et vitae dignissimos voluptatem rerum blanditiis culpa. Illo facere aut et debitis modi similique et.',1,1,'2019-09-11 06:04:37','2020-07-01 14:19:13'),(20,75,123,'Dolorem qui eos a expedita ipsa eos qui. Velit magnam voluptates expedita commodi quam dolores corporis sunt. Molestias omnis doloremque et modi vitae a.',0,1,'2018-11-25 02:27:21','2020-07-01 14:19:13'),(21,138,73,'Officiis corrupti temporibus ut illo voluptas aspernatur quia. Quisquam veritatis cumque nobis veritatis totam minus. Deserunt enim molestiae ad illum commodi nostrum fugiat ut.',1,1,'1976-02-10 04:38:33','2020-07-01 14:19:13'),(22,101,136,'Aut et eum perspiciatis nostrum consequatur aliquid assumenda. Ea reprehenderit sed omnis modi reiciendis illo. Iusto voluptas et esse.',0,0,'2001-04-05 10:14:41','2020-07-01 14:19:13'),(23,127,75,'Sint aliquam explicabo natus aut est ut. Est porro ab dolorum inventore adipisci voluptas atque. Error assumenda officia labore eveniet labore amet dicta assumenda. Neque in fugit quia.',0,1,'2017-07-30 22:51:38','2020-07-01 14:19:13'),(24,144,145,'Vel impedit beatae ut sed cupiditate et corrupti. Sunt et enim labore. Ea laboriosam sunt itaque cum iusto numquam qui. Expedita rerum aut hic quam iusto.',0,0,'2000-06-12 22:11:36','2020-07-01 14:19:13'),(25,143,128,'Laudantium architecto ut non voluptate sed sed ipsum reiciendis. Velit facilis vero ut quis saepe et laboriosam. Voluptatibus expedita quas officiis amet. Dolores ea consectetur unde in nisi.',1,0,'2005-12-06 17:19:00','2020-07-01 14:19:13'),(26,59,64,'Sit nulla tempora enim quisquam dolorem quia. Voluptas id et distinctio quia et. Numquam eaque nesciunt accusantium dolorem dolor dolor.',0,0,'1987-03-27 06:00:51','2020-07-01 14:19:13'),(27,89,106,'Consequatur perspiciatis animi ea assumenda. Fugiat veniam perspiciatis qui dolores voluptates consequatur. Omnis est molestias corporis.',1,1,'2010-02-24 06:18:55','2020-07-01 14:19:13'),(28,111,89,'Et rerum sint in aut molestiae quasi. Est ducimus eligendi ratione rerum nulla laborum. Sunt est cum voluptatem nulla quae eius sint. Aut aperiam ex ipsum dolorem quia modi iste. Qui sapiente amet voluptatibus quae.',0,0,'1987-10-03 17:47:04','2020-07-01 14:19:13'),(29,58,73,'Provident laudantium totam mollitia autem non expedita et laborum. Minima iusto aperiam soluta non.',0,1,'1986-04-17 12:03:40','2020-07-01 14:19:13'),(30,141,135,'At et aspernatur dolorum reiciendis sit debitis debitis. Illo delectus est temporibus provident ut sed. Quo qui animi et corrupti maxime. Perspiciatis quo qui illum beatae. Officiis ab cumque nostrum voluptatem.',1,1,'1993-09-04 07:01:11','2020-07-01 14:19:13'),(31,104,61,'Impedit sit earum doloribus. Corrupti dolor perspiciatis consequuntur est. Necessitatibus ad ut deleniti voluptatem libero maxime eaque. Sequi dolore adipisci sed sunt rerum earum et. Mollitia libero et maxime beatae id molestiae qui.',1,0,'2014-01-28 15:56:55','2020-07-01 14:19:13'),(32,145,92,'Consequatur recusandae blanditiis et quia deleniti unde magni. Laudantium sit iusto odit qui illo. Aut doloribus aspernatur a. Assumenda nihil fugit voluptatum quaerat unde non.',0,1,'1996-05-19 06:51:52','2020-07-01 14:19:13'),(33,75,147,'Exercitationem recusandae placeat dolorum ea. Nam laborum labore facere ipsa ea.',0,0,'1987-01-04 00:58:50','2020-07-01 14:19:13'),(34,59,102,'Ut aperiam provident dolor repellat. Harum vitae officia magnam aut fugiat. Occaecati qui accusamus qui autem.',0,0,'1996-10-18 00:52:21','2020-07-01 14:19:13'),(35,84,65,'In fugit nobis delectus fuga. Veritatis ut veritatis nulla accusamus et autem. Quas voluptate praesentium molestias officia qui.',1,0,'2014-06-06 04:47:21','2020-07-01 14:19:13'),(36,119,53,'Optio et voluptas ullam quidem necessitatibus eum. Aut vel corrupti omnis esse et molestias expedita neque. Quo totam quo ea et autem.',1,1,'1973-09-19 03:02:16','2020-07-01 14:19:13'),(37,57,76,'Labore maxime ea quia qui magnam. Ex delectus sint cum quia sed. Iure ea rerum maxime repellendus at dolores doloribus.',0,1,'2003-02-02 09:17:45','2020-07-01 14:19:13'),(38,57,106,'Sequi ipsa suscipit voluptas eos vel dicta sequi. Dolorum sed delectus impedit nihil ipsum corrupti. Est laborum quam hic et autem nostrum.',0,0,'1994-09-22 17:51:11','2020-07-01 14:19:13'),(39,108,73,'Autem temporibus ut eligendi qui eaque harum in. Fugit non quo rerum est. Sed omnis nam veritatis neque accusantium et quo.',1,0,'2012-02-24 13:50:50','2020-07-01 14:19:13'),(40,88,74,'Est qui odit voluptatem. Modi odio aliquam molestiae laboriosam. Ut eos molestiae neque. Et quia numquam placeat rerum illo.',0,1,'1993-12-02 03:18:07','2020-07-01 14:19:13'),(41,53,95,'Repellat est dolor nesciunt perferendis quidem assumenda. Assumenda nam et ratione at. Aut ut est culpa. Hic deserunt similique quia voluptatibus dolores quod enim repellendus.',0,0,'1990-06-05 02:42:01','2020-07-01 14:19:13'),(42,63,82,'Tempora et dignissimos molestias doloremque inventore. Placeat eveniet et molestias non. Tenetur sit perferendis sequi in laudantium nemo.',0,1,'2013-11-06 08:11:12','2020-07-01 14:19:13'),(43,68,144,'Quo quibusdam soluta maiores maxime et. Aut ex ex rerum adipisci reiciendis qui odit. Aut aut et nulla neque. Est quod nemo eaque sunt veniam qui.',0,1,'1973-08-06 13:44:34','2020-07-01 14:19:13'),(44,65,141,'Recusandae delectus molestiae laudantium non nobis illum eos. Voluptatem dolor quo officia non aut. Aliquid in molestiae sapiente consectetur autem quis fuga sed.',1,1,'1971-11-29 02:06:17','2020-07-01 14:19:13'),(45,61,132,'Quam cupiditate tenetur possimus. Esse qui enim iure distinctio sequi. Optio voluptate corrupti sed repellat autem.',0,1,'2014-04-11 13:29:54','2020-07-01 14:19:13'),(46,127,88,'Eos nulla quia modi optio error iste. Porro expedita praesentium ex voluptas ipsum culpa consequuntur. Nobis optio modi aperiam maiores provident consequuntur.',1,0,'1988-05-07 21:09:43','2020-07-01 14:19:13'),(47,109,130,'Voluptatem totam exercitationem nulla eveniet sint. Qui ad distinctio eligendi cumque veniam.',1,0,'1980-08-06 19:42:39','2020-07-01 14:19:13'),(48,70,113,'Et quidem maxime eius occaecati est eum molestiae. Animi qui nihil cumque dignissimos magni. Totam ad doloribus qui accusantium. Dolorem et harum debitis dolor animi placeat ullam. Corrupti non qui sed et.',0,1,'1973-08-13 03:02:16','2020-07-01 14:19:13'),(49,104,130,'Id nihil nostrum corporis ut et. Quo accusantium est minus. Ut odit qui necessitatibus.',1,1,'2018-09-29 02:43:20','2020-07-01 14:19:13'),(50,87,93,'Officia ipsum et sunt. Quae odit quaerat nemo similique ea et voluptate. Voluptas est iusto ducimus qui molestias. Rerum delectus doloremque veniam ut itaque quia placeat.',1,0,'1990-09-11 07:22:41','2020-07-01 14:19:13'),(51,55,144,'Aut tempora facere molestiae dolor aperiam et voluptatem. Sed vero fugit non quas tempora accusantium. Minima facere est et.',0,0,'2010-10-07 00:49:16','2020-07-01 14:19:13'),(52,104,139,'Et officia quod porro ut sint cum est quia. Reiciendis ducimus ab enim officiis dolorem similique occaecati. Explicabo nostrum nihil laboriosam quis facere dolorem illum.',0,0,'2009-06-03 23:22:30','2020-07-01 14:19:13'),(53,133,98,'Qui totam saepe minus numquam iure doloremque quaerat. Natus dignissimos itaque et sint aut sed sed. Assumenda ullam aut est mollitia. Quasi qui dolores tempora perferendis.',0,0,'1992-06-26 03:47:19','2020-07-01 14:19:13'),(54,141,59,'Est quidem soluta dolore voluptatibus minima rerum qui ut. Non quas natus esse aut.',1,1,'1999-08-17 17:57:05','2020-07-01 14:19:13'),(55,120,75,'Et assumenda voluptates sint ex perferendis quia. Soluta assumenda tempore ut aliquid a. Et distinctio qui rerum in. Nihil inventore amet aut blanditiis ullam doloribus.',1,0,'2016-04-01 21:58:20','2020-07-01 14:19:13'),(56,65,147,'Deleniti id qui est fugiat consequatur totam unde. Ut deleniti modi ut mollitia. Id quis ad dolorem ducimus.',1,0,'1989-04-08 21:36:19','2020-07-01 14:19:13'),(57,89,55,'Suscipit in dolorem sunt quod nisi quo impedit. Vel pariatur ut earum temporibus. Id quia et harum aut et.',1,0,'2007-05-03 11:58:20','2020-07-01 14:19:13'),(58,56,65,'Nobis labore asperiores quae sed iusto suscipit. Qui dolores voluptas est aperiam modi pariatur quae ut. Nisi quo tempore aliquam nobis itaque nihil repudiandae rerum. Aut aut enim autem alias doloribus.',0,0,'2013-05-06 10:35:43','2020-07-01 14:19:13'),(59,106,85,'Doloremque reprehenderit atque eum aut enim vitae. Expedita explicabo vel cum commodi. Officiis odio molestiae nulla quasi consequatur sed cumque. Sed porro ad aspernatur necessitatibus architecto distinctio incidunt illum.',1,1,'2003-02-16 18:58:38','2020-07-01 14:19:13'),(60,55,70,'Aliquid adipisci aut id animi. Tempora ab numquam aut est fugit voluptas. Sapiente ut id ea reiciendis.',1,0,'1979-02-18 16:30:21','2020-07-01 14:19:13'),(61,137,121,'Nemo accusantium vel provident et id dolore amet. Minima impedit ab debitis dolorum et error.',0,0,'1973-04-06 02:41:31','2020-07-01 14:19:13'),(62,145,110,'Quo excepturi aut eos ullam. Perspiciatis reprehenderit laudantium dolorem dolore. Et ut accusamus tempore.',0,1,'2000-11-11 13:41:42','2020-07-01 14:19:13'),(63,67,53,'Nam soluta similique dolorem explicabo porro sequi qui. Harum voluptate deserunt molestias et nesciunt tempore. Sed facere ut sit atque quia aut et.',0,1,'1978-05-03 13:42:36','2020-07-01 14:19:13'),(64,113,54,'Distinctio aliquam expedita totam quisquam nemo. Aut est odio est sit. Omnis animi laudantium quia qui consectetur.',0,1,'2014-01-24 16:59:20','2020-07-01 14:19:13'),(65,84,104,'Veritatis quaerat rerum eaque autem veniam. Corrupti quos vero accusamus ut excepturi. Deleniti aut quo ratione consequatur nihil.',0,1,'1999-05-04 14:59:19','2020-07-01 14:19:13'),(66,120,136,'Occaecati deleniti impedit dicta suscipit velit ex. Explicabo ullam sunt et enim. Aspernatur cum et qui omnis omnis quo quis. Et voluptatem consequatur omnis et.',1,0,'1998-04-16 16:30:52','2020-07-01 14:19:13'),(67,71,94,'Dolore ut provident fugit ea laudantium ipsa exercitationem. Ea et ipsum nulla nobis illo est cum. Autem nisi repudiandae consequuntur ea.',0,1,'1996-09-12 16:41:56','2020-07-01 14:19:13'),(68,108,109,'Id soluta iusto velit perspiciatis quibusdam deleniti. Et consequatur dolores nemo debitis eum autem consequatur fugit. Ad reiciendis inventore provident vitae. Non iste quam esse iste.',0,1,'2018-10-08 21:44:34','2020-07-01 14:19:13'),(69,68,64,'Dolor illo molestiae quia error id dolores porro dolorum. Ex esse repellendus mollitia ut et autem repudiandae. Non suscipit et delectus sed molestiae adipisci et. Omnis id natus cum et quibusdam optio.',0,0,'1980-04-05 03:36:40','2020-07-01 14:19:13'),(70,67,91,'Vel dolores nesciunt optio beatae modi voluptas. Eos aut ab dolores. Sequi fugit autem quaerat omnis deserunt optio nihil. Hic omnis rerum quis ea aperiam earum aspernatur.',1,0,'2009-07-20 11:20:31','2020-07-01 14:19:13'),(71,103,94,'Rem fugiat minus ut omnis aut. Blanditiis itaque porro iste esse libero. Ratione hic quia excepturi reiciendis eos neque. Quisquam iste est et accusamus et.',1,0,'1976-08-21 06:18:53','2020-07-01 14:19:13'),(72,109,112,'Omnis totam provident reiciendis necessitatibus. Quia corrupti maxime excepturi modi. Quia recusandae eum assumenda reiciendis modi modi quia asperiores. Corrupti facere repellat quo minus.',1,1,'1979-07-19 10:34:02','2020-07-01 14:19:13'),(73,82,126,'Perferendis dolores nam reprehenderit debitis alias accusantium nostrum. Et consequatur et quae quasi quisquam est dignissimos. Vel in nihil consequatur dignissimos delectus voluptatibus rerum sint. Non molestias sunt optio minima sequi praesentium praesentium quaerat.',1,0,'2002-04-07 16:47:29','2020-07-01 14:19:13'),(74,133,136,'Id facilis amet velit. Assumenda dolores totam est omnis et molestias cupiditate. Est voluptatum eaque nostrum modi modi.',1,1,'1974-02-13 13:49:10','2020-07-01 14:19:13'),(75,129,89,'Temporibus et repudiandae in quia praesentium. Corporis cum possimus ab aperiam voluptate quo. Sit ullam quibusdam ipsam atque. Rem voluptatem repellat minima vel ut sunt. Voluptas fuga maxime sit quidem velit et minus quidem.',0,1,'1996-09-15 00:42:16','2020-07-01 14:19:13'),(76,105,109,'Harum occaecati fugiat voluptas. Illum alias consequatur voluptas voluptas sit vel qui. Iure error pariatur rerum totam.',1,0,'1999-09-16 12:28:34','2020-07-01 14:19:13'),(77,80,123,'Autem et voluptas similique porro quam. Et nostrum aliquid sint. Qui quo dolores et quidem in architecto.',0,1,'2011-08-24 01:16:33','2020-07-01 14:19:13'),(78,124,100,'Quia sunt iure et perspiciatis rem soluta alias. Consequuntur repellendus aut hic labore id. Omnis reprehenderit beatae rerum quo.',1,1,'1973-12-14 04:27:41','2020-07-01 14:19:13'),(79,77,136,'Praesentium consequuntur tempora a consectetur quae consequatur harum. Repudiandae accusantium eos est iste repellendus. Nihil error autem nobis. Ad magni eum laudantium omnis.',1,1,'1991-06-04 16:36:09','2020-07-01 14:19:13'),(80,100,138,'Dolor voluptatibus quasi consequatur expedita ut fugit qui. Et sit iste velit ut tempore natus.',1,1,'1978-05-09 01:35:31','2020-07-01 14:19:13'),(81,140,138,'Officia sed et adipisci error. Qui iure voluptate aut qui. Est a omnis repudiandae.',1,1,'1999-09-20 13:08:52','2020-07-01 14:19:13'),(82,117,123,'Dolorum non quo est minima dolores. Sed voluptatem illo possimus ab facilis. Dolor itaque non alias dicta esse ut quae.',0,0,'2010-04-12 20:33:03','2020-07-01 14:19:13'),(83,112,142,'Est totam neque ab voluptatum. Vitae modi saepe est minus repudiandae. Quos fuga eveniet repellat asperiores totam.',1,1,'2003-04-13 11:25:26','2020-07-01 14:19:13'),(84,124,143,'Non nihil ducimus et assumenda sunt dolores. Veniam saepe aliquid repellendus saepe quia iure optio. Ut perspiciatis doloremque ut.',1,1,'1975-08-14 17:57:57','2020-07-01 14:19:13'),(85,91,77,'Non corrupti error enim pariatur provident. Minima officiis quis aspernatur facere asperiores. Minus dolore excepturi eius laborum ullam. Est natus corrupti illum fugiat aut inventore architecto.',1,1,'1993-12-31 13:24:55','2020-07-01 14:19:13'),(86,60,121,'Itaque accusamus qui quis est explicabo. Aliquam fugiat consequatur cumque nesciunt voluptas. Voluptatem similique sit saepe fugiat est repellat. Corrupti fugiat maxime optio molestias.',0,1,'2017-07-13 21:47:22','2020-07-01 14:19:13'),(87,74,58,'Minima beatae necessitatibus ut molestiae illum explicabo voluptatum. Laborum perspiciatis dolorem minima molestiae consequatur. Non inventore velit sed maxime. Iure facilis pariatur officia quas qui placeat quod.',0,1,'2019-03-15 14:20:34','2020-07-01 14:19:13'),(88,115,150,'Totam in necessitatibus aliquam. Cum minus hic voluptatem in. Dolor ut soluta eum rerum voluptatum eum debitis in. At ut vero cumque qui nostrum iste officiis.',1,0,'2006-08-18 04:15:07','2020-07-01 14:19:13'),(89,56,80,'Voluptatum soluta beatae sint aut blanditiis impedit officiis id. Ut qui et fugit consequatur et. Suscipit dolorem velit culpa ipsum omnis cum quam. Illo enim earum quia aut eligendi laborum perferendis dolor.',1,0,'1977-10-31 14:16:22','2020-07-01 14:19:13'),(90,81,114,'Ullam culpa sequi modi dolorem. Dolore deleniti aliquid rem itaque nam repellat eos adipisci. Eos sit est qui est ea nihil.',0,0,'1981-05-08 13:15:19','2020-07-01 14:19:13'),(91,77,93,'Numquam est quo dolores sapiente nisi. Ut nobis neque ipsum omnis consequatur cupiditate. Ut ex a officiis voluptas et.',0,1,'1973-05-15 09:05:43','2020-07-01 14:19:13'),(92,85,95,'Aut deserunt saepe et libero. Aut quisquam occaecati expedita eaque ullam. Eos vel eos iste non. Ipsum consectetur et nisi quae iste qui.',1,1,'1996-10-03 17:11:38','2020-07-01 14:19:13'),(93,68,107,'Sint autem mollitia cumque quia veritatis. Eum velit quo facere laudantium. Quo saepe doloribus perferendis ut. Eum qui qui in laboriosam fuga dolores qui.',1,0,'1971-09-18 23:02:17','2020-07-01 14:19:13'),(94,79,124,'A incidunt sunt voluptates aut voluptatum doloremque atque. Et ducimus voluptatem odit quisquam velit dolores quos beatae. Dolores omnis omnis vel.',1,0,'1970-11-26 20:44:00','2020-07-01 14:19:13'),(95,133,143,'In et et id vero est. Architecto iste qui ipsum doloribus error. Quo autem ullam natus sunt eum. Voluptatem libero laboriosam sit debitis numquam sed vitae ipsam.',1,1,'1977-08-15 11:36:56','2020-07-01 14:19:13'),(96,66,149,'Non exercitationem omnis incidunt illum velit quasi atque. Consequatur fugit illum voluptatem veritatis tempore. Dolorem beatae eligendi enim deserunt voluptatem voluptatum.',0,0,'2009-11-27 12:27:34','2020-07-01 14:19:13'),(97,98,92,'Ut est nihil aut velit ut. Dolores non vel quod. Nam molestias et iure.',1,0,'1981-01-29 14:13:30','2020-07-01 14:19:13'),(98,116,53,'Corrupti quaerat vel ipsum saepe dolore a labore. Enim nemo pariatur voluptatem debitis repellat aliquid beatae. Sint porro voluptas in omnis ducimus. Qui cum et sunt enim quia accusantium.',1,1,'1990-08-26 01:59:05','2020-07-01 14:19:13'),(99,69,132,'Quibusdam quaerat qui qui. Perferendis praesentium expedita sit ut similique. Distinctio est facere quibusdam eaque ut sit. Nobis eum enim dolorum et quas.',0,0,'1993-10-27 08:01:00','2020-07-01 14:19:13'),(100,102,65,'Sint possimus et quas aut consequatur incidunt ut. Officia vero odit sunt reiciendis nisi sapiente.',0,0,'2003-01-19 02:58:52','2020-07-01 14:19:13'),(101,70,101,'Alias reiciendis assumenda consequatur cum occaecati quia quia. Sint aut voluptatum sunt ab recusandae. Aliquam qui sint quisquam maxime. Adipisci temporibus porro ut veniam expedita in.',0,1,'2003-10-03 03:27:16','2020-07-01 14:19:13'),(102,147,83,'Laudantium esse possimus repellat id aliquid placeat. Ea vel corrupti dolores eius tempore aperiam. Quam nobis et neque hic qui.',1,1,'1979-08-12 02:59:37','2020-07-01 14:19:13'),(103,120,101,'Non ea iste veniam quisquam eligendi aut. Atque officiis temporibus et possimus animi dolore. Animi nihil est aut in tenetur id.',0,0,'1989-03-23 18:58:16','2020-07-01 14:19:13'),(104,97,131,'Vel suscipit laborum rem molestias itaque qui odit. Sed maiores quaerat omnis maiores nihil qui. Totam aspernatur et excepturi voluptatem exercitationem. Quia delectus quis necessitatibus dicta.',1,0,'1994-09-03 03:52:34','2020-07-01 14:19:13'),(105,112,118,'Et et magni ad aut esse. Eveniet ut non eaque facere veniam id. Eos quia quas assumenda cum et est. Eius architecto soluta repellendus omnis quis placeat aut.',0,0,'1976-01-06 18:35:06','2020-07-01 14:19:13'),(106,105,118,'Atque ipsum dolor veniam in quia. Sed molestias velit quod inventore voluptatem aut fugiat. Aut tempora non omnis autem et eveniet modi. Laboriosam neque neque necessitatibus cumque dolorem.',0,0,'1973-07-13 11:20:58','2020-07-01 14:19:13'),(107,124,115,'Magnam hic est eos sed dolores qui voluptas. Dolor dolorem aut voluptatum pariatur. Occaecati et quos provident qui.',0,0,'1975-12-25 02:41:05','2020-07-01 14:19:13'),(108,51,63,'Assumenda officia tempora minima tempora fugit fugiat explicabo. Ex doloremque excepturi veniam quisquam. Voluptatibus vitae doloremque molestiae a voluptatibus. Sint natus voluptatum qui quam assumenda.',0,1,'2012-02-02 04:37:18','2020-07-01 14:19:13'),(109,109,108,'Praesentium et suscipit velit numquam minus. Aliquam quidem qui cupiditate quaerat.',1,1,'2002-05-30 10:22:53','2020-07-01 14:19:13'),(110,60,127,'Repudiandae fugit delectus perferendis autem impedit eos qui nam. Repellat culpa et nobis in aut harum. Voluptas fugiat dolore ratione debitis quia aut.',0,0,'2010-10-02 21:15:02','2020-07-01 14:19:13'),(111,104,87,'Dicta consequuntur eveniet maiores excepturi minima hic dolorem et. Nam repellat est quidem rerum modi aspernatur. Ipsam sint rem itaque quas qui. Blanditiis qui natus enim consequatur consequatur voluptatibus quo nisi.',1,0,'1990-03-02 18:35:32','2020-07-01 14:19:13'),(112,72,148,'At laborum sed ad adipisci a ex. Aut rem qui est eum unde itaque. Corporis provident consequatur nihil qui.',0,1,'1991-04-22 03:37:06','2020-07-01 14:19:13'),(113,73,73,'Aut iste modi ex nihil esse. Et praesentium placeat totam dolorem temporibus possimus adipisci. Architecto molestias amet odit.',0,1,'1981-06-25 17:56:00','2020-07-01 14:19:13'),(114,93,98,'Soluta dignissimos similique natus sapiente quidem dolores ut. Id numquam placeat enim enim quas. Nam eum eum voluptas incidunt ducimus ut excepturi. Molestiae et rem omnis.',1,1,'2018-12-11 15:25:16','2020-07-01 14:19:13'),(115,58,145,'Alias quia non consectetur quia similique. Cum labore assumenda sint tenetur eos. Praesentium qui doloremque sint amet.',1,1,'2005-08-28 01:42:11','2020-07-01 14:19:13'),(116,103,130,'Omnis blanditiis minus ipsam ipsam. Inventore rerum repellat magni qui. Consequatur id qui facilis itaque.',1,1,'2003-02-22 15:17:21','2020-07-01 14:19:13'),(117,89,106,'Quo vero natus in ea a ipsam consequatur. Et sunt consequatur itaque quo. Aut occaecati quisquam sed rerum est distinctio sed. Maiores possimus deleniti voluptas totam eum similique.',0,0,'2012-11-29 03:31:08','2020-07-01 14:19:13'),(118,112,92,'Velit nesciunt non officia et. Inventore ipsam et omnis animi sequi. Quisquam sint vel ex qui adipisci. Nulla amet eum corrupti ipsa error alias accusantium. Porro facilis et veritatis provident iure eaque necessitatibus.',1,0,'1977-02-21 18:57:21','2020-07-01 14:19:13'),(119,71,130,'Ipsa in qui et et accusamus sint perspiciatis. Temporibus odit nobis vero velit voluptates voluptates. Quisquam quod nisi sit tempore. Natus eius atque quas iste.',1,0,'2001-08-09 09:08:53','2020-07-01 14:19:13'),(120,87,95,'Soluta eaque totam earum aut est sed. Laudantium et aut deserunt modi ipsa. Iste natus voluptas reprehenderit ut officia. Eaque inventore sed repudiandae beatae.',0,1,'1972-01-18 00:15:44','2020-07-01 14:19:13'),(121,65,87,'Ea quam blanditiis molestiae illo sunt ad esse. Neque molestiae modi cumque voluptatem.',1,1,'2001-12-31 21:21:38','2020-07-01 14:19:13'),(122,89,136,'Atque ut odit at at quis fugiat praesentium. Error similique rerum sunt. Corrupti sequi ut eveniet est maxime culpa aut.',0,0,'1990-01-24 22:14:21','2020-07-01 14:19:13'),(123,62,53,'Quidem minus sint molestiae sapiente nisi et voluptatum ipsa. Sapiente dolores exercitationem dolor quibusdam. Sunt voluptas voluptatem esse. Illo maxime in est qui in pariatur est.',0,1,'1993-07-29 07:12:54','2020-07-01 14:19:13'),(124,125,118,'Corrupti quo aut iure fugiat non animi qui. Nemo harum consequatur sed quibusdam quidem odio sint veritatis. Alias fugiat quas eum veritatis omnis. Suscipit nostrum ex qui odio modi voluptate praesentium itaque.',1,1,'1975-08-05 22:35:33','2020-07-01 14:19:13'),(125,64,114,'Cum cupiditate est sit eum. Qui nobis velit eum officia a reiciendis. Qui dicta qui ea suscipit.',1,1,'1974-02-12 22:17:20','2020-07-01 14:19:13'),(126,128,150,'Esse commodi veniam cupiditate sit voluptates. Nisi ut laboriosam at magni rem. Nulla cum omnis a rerum sed hic quia.',0,0,'1974-05-02 03:43:20','2020-07-01 14:19:13'),(127,114,68,'Delectus et ipsa voluptas eius qui aut. Illo consequatur voluptatum rerum porro qui. Inventore esse voluptatem est perferendis non fugit. Iure dolores sequi adipisci nihil rerum.',1,0,'2000-10-13 00:56:35','2020-07-01 14:19:13'),(128,147,80,'Nulla consequatur ducimus veniam eligendi. Doloribus voluptas nobis explicabo vel ullam. Suscipit placeat explicabo est ea dolorem cum assumenda.',0,0,'2014-06-11 09:36:31','2020-07-01 14:19:13'),(129,111,64,'Quasi molestiae reiciendis laboriosam perspiciatis sit. Aliquam natus consequatur ratione. Facilis dolorum itaque itaque officiis molestias id. Voluptatibus saepe non et velit sunt ad voluptatum.',1,1,'2015-04-14 16:38:10','2020-07-01 14:19:13'),(130,137,141,'Temporibus ex deserunt magnam suscipit dolorem tempore. Dolores molestiae consequatur rerum sit id. Culpa sit ullam in.',1,1,'1992-04-17 20:54:36','2020-07-01 14:19:13'),(131,146,53,'Impedit earum aut laudantium beatae praesentium. Blanditiis vel maxime ad eaque magni debitis repudiandae officia. Quis enim qui quia rerum est perferendis delectus dolores. Ut sapiente aut quibusdam eum ut natus.',1,1,'2008-12-14 07:01:23','2020-07-01 14:19:13'),(132,80,90,'Ut optio et eaque quod qui. Adipisci delectus soluta eligendi harum hic sed. Nesciunt consequatur omnis harum. Dolor maxime earum sit quia praesentium porro aliquid.',0,1,'1981-09-13 07:26:53','2020-07-01 14:19:13'),(133,57,67,'Et animi porro nemo voluptate sit aut qui. Fugit quia commodi eum et sit. Sed voluptatem laudantium est dolorem.',0,1,'1970-02-25 19:14:26','2020-07-01 14:19:13'),(134,112,107,'Quia laborum aperiam deleniti sed. Enim facere corrupti deserunt non quo aut iure. Praesentium illo cupiditate qui fuga et.',1,0,'1976-05-28 17:31:54','2020-07-01 14:19:13'),(135,52,86,'Eius occaecati facere debitis totam minus tenetur voluptatibus. Repellendus et dolor sapiente facilis nulla adipisci. Beatae voluptate ut in nesciunt. Velit tempore doloremque ea quisquam officiis consequatur voluptas.',1,0,'2005-05-07 07:53:00','2020-07-01 14:19:13'),(136,122,104,'Sint porro nihil dolorum nostrum qui expedita. Dolor dignissimos consequatur dignissimos quasi laborum harum.',1,0,'1990-12-08 09:36:19','2020-07-01 14:19:13'),(137,103,53,'Sint magnam eum occaecati voluptatem ullam. Debitis blanditiis nisi in alias beatae architecto. Qui rem sequi expedita animi soluta.',1,0,'1986-10-24 22:07:38','2020-07-01 14:19:13'),(138,106,122,'Ratione architecto illo consequatur blanditiis. Provident repellendus nesciunt sequi quod. Sint earum dolorum officia rerum velit iure. Et et sed aliquid illo consequatur.',0,0,'1973-09-08 14:01:03','2020-07-01 14:19:13'),(139,140,83,'Ipsum qui illum possimus totam. Eaque alias a et. Fugit occaecati repudiandae aliquid dicta qui numquam.',0,1,'2019-05-19 20:37:25','2020-07-01 14:19:13'),(140,145,126,'Laborum ex et dolor itaque. Tempore voluptas et minima. Natus omnis vero delectus sequi repellat et.',1,0,'2018-10-25 13:15:49','2020-07-01 14:19:13'),(141,142,85,'Tenetur quod et rerum eum corrupti iusto. Nihil tempora placeat eos consequuntur.',1,0,'2016-04-08 14:04:08','2020-07-01 14:19:13'),(142,145,121,'Incidunt dicta perspiciatis dolor nesciunt est veritatis necessitatibus. Perferendis quia perspiciatis rerum doloremque enim nulla non.',0,1,'1988-10-28 15:36:34','2020-07-01 14:19:13'),(143,118,77,'Praesentium explicabo dignissimos rerum iusto voluptates. Id laboriosam vitae officia eligendi. Aperiam dolore voluptates consequatur accusamus.',1,0,'2019-08-14 08:08:21','2020-07-01 14:19:13'),(144,82,128,'Aut et animi laudantium quo inventore. Iure in dolores aliquid nulla sed iusto et. Sit et temporibus doloribus aperiam sed.',0,0,'2003-03-19 05:26:12','2020-07-01 14:19:13'),(145,142,75,'Ipsum quo iusto cumque ipsum est distinctio. Molestiae deserunt est culpa ut commodi.',0,0,'2020-01-31 07:06:52','2020-07-01 14:19:13'),(146,101,130,'Sit id tenetur omnis. Laborum pariatur debitis officia quia ducimus. Temporibus pariatur cupiditate suscipit id. Qui est sint perferendis ipsam. Consequuntur expedita aut ab ut quia eos omnis.',0,1,'1992-10-07 00:49:33','2020-07-01 14:19:13'),(147,95,137,'Accusantium est veritatis et voluptas. Voluptas corrupti minus voluptas sit impedit. Molestias quo nulla omnis qui vel et. Id perferendis maiores et consectetur aut sit et.',1,0,'2009-04-01 17:20:28','2020-07-01 14:19:13'),(148,147,73,'Voluptas atque adipisci qui at laudantium ut dolorem. Non qui et nam sunt. Iure voluptatem atque id dolor quia et. Laboriosam qui odit dolor sed eius.',1,0,'2009-07-15 05:08:16','2020-07-01 14:19:13'),(149,76,108,'Et aut culpa tempore aut illum. Libero ipsam eos atque alias doloremque. Sapiente nihil dolor sit vel.',0,0,'1996-05-18 09:27:32','2020-07-01 14:19:13'),(150,64,145,'Ea ipsa necessitatibus nisi dignissimos. Quo dicta ex commodi quis harum. Animi molestiae eum quis. Perferendis accusamus totam non ipsam. Quasi magnam numquam qui ea.',0,0,'1978-07-22 20:31:23','2020-07-01 14:19:13');
/*!40000 ALTER TABLE `messages` ENABLE KEYS */;
UNLOCK TABLES;

--
-- Table structure for table `profiles`
--

DROP TABLE IF EXISTS `profiles`;
/*!40101 SET @saved_cs_client     = @@character_set_client */;
/*!50503 SET character_set_client = utf8mb4 */;
CREATE TABLE `profiles` (
  `user_id` int unsigned NOT NULL COMMENT 'Ссылка на пользователя',
  `photo_id` int unsigned DEFAULT NULL COMMENT 'Ссылка на основную фотографию пользователя',
  `gender` char(1) COLLATE utf8_unicode_ci NOT NULL,
  `birthday` date DEFAULT NULL,
  `city` varchar(120) CHARACTER SET utf8 COLLATE utf8_unicode_ci DEFAULT NULL COMMENT 'Город проживания',
  `country` varchar(100) CHARACTER SET utf8 COLLATE utf8_unicode_ci DEFAULT NULL COMMENT 'Страна проживания',
  `created_at` datetime DEFAULT CURRENT_TIMESTAMP COMMENT 'Время создания строки',
  `updated_at` datetime DEFAULT CURRENT_TIMESTAMP ON UPDATE CURRENT_TIMESTAMP COMMENT 'Время обновления строки',
  PRIMARY KEY (`user_id`),
  UNIQUE KEY `photo_id` (`photo_id`)
) ENGINE=InnoDB DEFAULT CHARSET=utf8 COLLATE=utf8_unicode_ci COMMENT='Профили';
/*!40101 SET character_set_client = @saved_cs_client */;

--
-- Dumping data for table `profiles`
--

LOCK TABLES `profiles` WRITE;
/*!40000 ALTER TABLE `profiles` DISABLE KEYS */;
INSERT INTO `profiles` VALUES (1,57,'w','1975-07-30','Amelyborough','British Indian Ocean Territory (Chagos Archipelago)','1987-06-26 13:14:10','2020-07-01 14:01:57'),(2,115,'w','1997-10-01','New Lily','Qatar','2020-07-01 14:06:30','2020-07-01 14:06:30'),(3,119,'m','2006-12-19','Lake Yeseniatown','Guam','2020-07-01 14:06:30','2020-07-01 14:06:30'),(4,48,'w','1998-02-28','Stephanyton','Aruba','2011-12-01 01:27:51','2020-07-01 14:01:57'),(5,5,'w','2000-09-22','Rebecafurt','Sri Lanka','2020-07-01 14:06:30','2020-07-01 14:06:30'),(6,73,'w','2017-07-03','Wileyland','Saint Pierre and Miquelon','2020-07-01 14:06:30','2020-07-01 14:06:30'),(7,84,'w','1994-08-16','Donnellyland','Sierra Leone','2020-07-01 14:06:30','2020-07-01 14:06:30'),(8,25,'w','1994-10-11','Hudsonland','Netherlands','1997-12-23 11:07:38','2020-07-01 14:01:57'),(9,86,'m','1989-12-27','Baileybury','Fiji','1990-02-26 23:47:50','2020-07-01 14:01:57'),(10,149,'w','2013-12-03','Rickieton','Macao','2020-07-01 14:06:30','2020-07-01 14:06:30'),(11,107,'m','1986-12-17','Croninbury','Liechtenstein','1993-09-10 11:51:02','2020-07-01 14:01:57'),(12,138,'m','1990-07-21','Jadeborough','Bouvet Island (Bouvetoya)','1995-12-30 16:51:12','2020-07-01 14:01:57'),(13,130,'w','1988-12-18','East Danielaborough','Sudan','2020-07-01 14:06:30','2020-07-01 14:06:30'),(14,54,'m','1977-02-20','North Kattieberg','Bhutan','1995-12-21 20:43:14','2020-07-01 14:01:57'),(15,8,'m','2019-11-16','Lake Elmermouth','Panama','2019-12-22 18:23:04','2020-07-01 14:01:57'),(16,74,'w','2020-03-04','North Jeramy','Madagascar','2020-07-01 14:06:30','2020-07-01 14:06:30'),(17,89,'w','2008-12-24','Garnetberg','Azerbaijan','2020-07-01 14:06:30','2020-07-01 14:06:30'),(18,99,'w','2007-01-20','Kevenborough','Kyrgyz Republic','2020-07-01 14:06:30','2020-07-01 14:06:30'),(19,39,'w','1976-12-09','Esmeraldaberg','Lao People\'s Democratic Republic','2007-12-05 20:22:41','2020-07-01 14:01:57'),(20,97,'m','2013-03-02','Reingerville','Angola','2020-07-01 14:06:30','2020-07-01 14:06:30'),(21,147,'w','1985-04-15','West Ginochester','Mauritania','2020-07-01 14:06:30','2020-07-01 14:06:30'),(22,65,'m','1979-06-13','New Willy','United Arab Emirates','2013-08-21 04:16:39','2020-07-01 14:01:57'),(23,93,'w','1972-12-17','New Waylonburgh','Burkina Faso','2010-08-15 09:08:44','2020-07-01 14:01:57'),(24,112,'m','1973-03-23','Kennaside','Sierra Leone','1974-06-11 19:32:47','2020-07-01 14:01:57'),(25,140,'m','1987-01-05','Milfordberg','Zambia','2011-12-23 03:32:02','2020-07-01 14:01:57'),(26,110,'w','1983-07-07','North Zenabury','Maldives','2019-10-26 08:38:19','2020-07-01 14:01:57'),(27,123,'m','1974-09-08','Fadelfort','Somalia','1978-01-29 03:56:05','2020-07-01 14:01:57'),(28,139,'m','1997-02-01','East Jeanetteburgh','Togo','2003-11-17 07:10:04','2020-07-01 14:01:57'),(29,141,'w','1992-11-20','McDermotttown','Philippines','2020-07-01 14:06:30','2020-07-01 14:06:30'),(30,60,'m','2018-07-29','East Diana','Congo','2020-07-01 14:06:30','2020-07-01 14:06:30'),(31,142,'m','2000-04-07','South Maynardfort','Cameroon','2015-02-11 07:51:46','2020-07-01 14:01:57'),(32,17,'w','1990-11-22','Averytown','Macao','2020-07-01 14:06:30','2020-07-01 14:06:30'),(33,98,'w','1984-04-28','North Torrey','Cambodia','2006-01-22 19:07:25','2020-07-01 14:01:57'),(34,78,'w','1984-02-03','Lakinbury','Western Sahara','1988-03-14 16:36:38','2020-07-01 14:01:57'),(35,59,'w','2003-10-26','New Deon','Paraguay','2020-07-01 14:06:30','2020-07-01 14:06:30'),(36,91,'m','2016-01-02','Lake Rhea','Algeria','2016-11-11 11:39:24','2020-07-01 14:01:57'),(37,81,'w','1983-08-30','Jessyburgh','Slovakia (Slovak Republic)','1986-09-19 20:44:58','2020-07-01 14:01:57'),(38,53,'m','1978-05-29','Lake Simeonton','Latvia','1980-04-03 15:20:32','2020-07-01 14:01:57'),(39,143,'m','1992-10-10','New Ivyview','Kuwait','2020-07-01 14:06:30','2020-07-01 14:06:30'),(40,66,'m','1989-05-02','West Hipolito','Luxembourg','1992-10-05 10:35:48','2020-07-01 14:01:57'),(41,9,'w','2010-07-18','Parisianbury','Portugal','2020-07-01 14:06:30','2020-07-01 14:06:30'),(42,20,'w','1994-04-28','Mohrton','Montserrat','2017-06-06 19:42:02','2020-07-01 14:01:57'),(43,126,'m','2009-05-23','North Luellamouth','Uganda','2020-07-01 14:06:30','2020-07-01 14:06:30'),(44,108,'w','1972-09-15','North Mitchel','El Salvador','1981-01-28 19:54:16','2020-07-01 14:01:57'),(45,87,'m','1994-07-28','Hildaberg','Uzbekistan','2007-12-12 22:39:37','2020-07-01 14:01:57'),(46,30,'w','2015-08-24','Dibbertshire','Indonesia','2020-07-01 14:06:30','2020-07-01 14:06:30'),(47,16,'m','2003-05-22','New Augustinechester','Norfolk Island','2020-07-01 14:06:30','2020-07-01 14:06:30'),(48,21,'m','1999-06-18','North Suzannebury','Bouvet Island (Bouvetoya)','2020-07-01 14:06:30','2020-07-01 14:06:30'),(49,90,'w','1977-07-01','Goyetteborough','Wallis and Futuna','1985-01-18 02:51:05','2020-07-01 14:01:57'),(50,11,'w','1990-06-27','North Joshuahtown','Congo','2015-04-01 11:58:43','2020-07-01 14:01:57'),(51,33,'w','2010-02-21','Hoppefurt','Saint Lucia','2020-07-01 14:06:30','2020-07-01 14:06:30'),(52,109,'m','1991-10-06','Gleichnerland','Micronesia','2012-01-28 00:16:13','2020-07-01 14:01:57'),(53,136,'m','2010-11-19','Andersonberg','Nigeria','2020-07-01 14:06:30','2020-07-01 14:06:30'),(54,35,'m','2019-08-01','Alyssonmouth','Congo','2020-07-01 14:06:30','2020-07-01 14:06:30'),(55,134,'w','1991-01-05','Graysonshire','Ireland','2020-07-01 14:06:30','2020-07-01 14:06:30'),(56,64,'w','1981-01-06','Dickiville','Guam','1982-12-24 10:34:53','2020-07-01 14:01:57'),(57,128,'w','1997-03-16','Botsfordchester','Central African Republic','2020-02-18 06:21:30','2020-07-01 14:01:57'),(58,40,'w','2002-02-16','Feestville','Heard Island and McDonald Islands','2020-07-01 14:06:30','2020-07-01 14:06:30'),(59,50,'m','2019-01-09','Heaneychester','Belize','2020-07-01 14:06:30','2020-07-01 14:06:30'),(60,42,'m','1991-11-25','North Lolitabury','Lao People\'s Democratic Republic','2016-07-02 10:19:22','2020-07-01 14:01:57'),(61,68,'m','2001-06-04','Langstad','Sierra Leone','2020-07-01 14:06:30','2020-07-01 14:06:30'),(62,148,'w','1997-05-21','Lake Breanachester','Bangladesh','2020-07-01 14:06:30','2020-07-01 14:06:30'),(63,6,'w','1986-03-09','Port Crawford','Taiwan','2020-07-01 14:06:30','2020-07-01 14:06:30'),(64,103,'w','1986-11-26','North Joaquin','Palau','2003-08-22 06:00:55','2020-07-01 14:01:57'),(65,61,'m','1978-08-18','Schimmelton','Lithuania','2002-12-03 12:24:46','2020-07-01 14:01:57'),(66,116,'w','2011-08-05','East Jaceburgh','Timor-Leste','2020-07-01 14:06:30','2020-07-01 14:06:30'),(67,71,'m','2010-06-12','Auerberg','Sri Lanka','2020-07-01 14:06:30','2020-07-01 14:06:30'),(68,67,'m','2016-10-16','Bradtkeside','Marshall Islands','2020-07-01 14:06:30','2020-07-01 14:06:30'),(69,29,'w','2002-09-12','Lake Marc','Georgia','2020-07-01 14:06:30','2020-07-01 14:06:30'),(70,101,'m','2001-05-12','East Jadenberg','Greece','2005-08-15 12:12:48','2020-07-01 14:01:57'),(71,38,'m','1991-11-11','Asialand','Fiji','2020-07-01 14:06:30','2020-07-01 14:06:30'),(72,114,'m','2020-04-01','Lake Todfort','Niger','2020-07-01 14:06:30','2020-07-01 14:06:30'),(73,124,'w','2009-01-08','Bartellhaven','Svalbard & Jan Mayen Islands','2020-07-01 14:06:30','2020-07-01 14:06:30'),(74,146,'w','1989-04-26','Olsonchester','Uruguay','2020-03-16 22:38:40','2020-07-01 14:01:57'),(75,145,'m','2003-11-26','West Roslyn','Zambia','2019-11-16 19:41:54','2020-07-01 14:01:57'),(76,100,'w','1976-11-25','East Ashtyntown','Israel','2016-04-28 14:27:48','2020-07-01 14:01:57'),(77,105,'w','2007-12-06','Gradyport','Tokelau','2020-07-01 14:06:30','2020-07-01 14:06:30'),(78,37,'w','1994-07-01','South Miguelbury','Wallis and Futuna','2010-09-01 19:51:51','2020-07-01 14:01:57'),(79,26,'w','2019-04-12','Bonniefurt','Uzbekistan','2020-07-01 14:06:30','2020-07-01 14:06:30'),(80,96,'m','1970-08-06','Port Loycestad','Reunion','1983-07-26 20:54:00','2020-07-01 14:01:57'),(81,3,'w','1986-02-09','Port Amely','Turks and Caicos Islands','2015-06-05 19:50:00','2020-07-01 14:01:57'),(82,76,'m','1986-07-06','North Christina','Bahamas','1998-01-10 19:42:49','2020-07-01 14:01:57'),(83,80,'w','1988-03-23','Furmantown','Romania','1998-05-25 06:49:48','2020-07-01 14:01:57'),(84,4,'m','2010-01-17','East Abel','Zimbabwe','2020-07-01 14:06:30','2020-07-01 14:06:30'),(85,106,'m','1985-09-24','South Alvina','Guatemala','1998-12-29 10:08:35','2020-07-01 14:01:57'),(86,36,'w','1984-06-17','Daltonshire','French Southern Territories','1992-05-20 00:33:49','2020-07-01 14:01:57'),(87,137,'m','1995-02-16','Lake Maribel','Madagascar','2014-03-16 09:38:56','2020-07-01 14:01:57'),(88,113,'m','1988-08-31','Franeckimouth','Ukraine','2007-03-01 14:20:15','2020-07-01 14:01:57'),(89,94,'w','1983-02-09','Mullerville','Dominican Republic','2010-01-17 10:21:14','2020-07-01 14:01:57'),(90,18,'m','2016-12-07','Opheliaport','Kuwait','2020-07-01 14:06:30','2020-07-01 14:06:30'),(91,10,'w','1986-10-28','New Wilfredoborough','Croatia','1993-01-16 19:04:03','2020-07-01 14:01:57'),(92,27,'m','2008-06-05','Roweport','Latvia','2019-03-14 18:03:39','2020-07-01 14:01:57'),(93,19,'m','2006-11-14','Camylleland','Bolivia','2020-07-01 14:06:30','2020-07-01 14:06:30'),(94,44,'m','1972-10-02','South Erwinview','Trinidad and Tobago','1974-05-06 18:07:56','2020-07-01 14:01:57'),(95,56,'w','2009-11-24','South Trevaburgh','Maldives','2020-07-01 14:06:30','2020-07-01 14:06:30'),(96,83,'w','1998-11-08','South Dejuan','Finland','2020-07-01 14:06:30','2020-07-01 14:06:30'),(97,132,'w','2014-08-30','Hellerchester','Antarctica (the territory South of 60 deg S)','2020-07-01 14:06:30','2020-07-01 14:06:30'),(98,22,'m','1986-11-02','Jacobsonmouth','China','1994-03-13 13:31:16','2020-07-01 14:01:57'),(99,1,'m','1993-06-26','Noeliastad','Armenia','2002-10-05 11:56:19','2020-07-01 14:01:57'),(100,47,'w','1992-05-05','Torpchester','Kiribati','2004-01-15 12:37:01','2020-07-01 14:01:57'),(101,58,'m','2016-10-28','Hettieville','Malta','2020-07-01 14:06:30','2020-07-01 14:06:30'),(102,49,'w','2018-08-15','Port Adolf','Eritrea','2020-07-01 14:06:30','2020-07-01 14:06:30'),(103,72,'m','1999-11-21','North Jovanny','Sierra Leone','2020-07-01 14:06:30','2020-07-01 14:06:30'),(104,102,'w','1971-06-20','Cronaland','Oman','1976-05-09 08:42:52','2020-07-01 14:01:57'),(105,51,'m','1995-09-13','Stokesburgh','Nepal','2020-07-01 14:06:30','2020-07-01 14:06:30'),(106,28,'w','2016-08-12','Lake Fleta','Switzerland','2020-01-04 15:16:24','2020-07-01 14:01:57'),(107,45,'m','1996-07-12','New Hopefort','Nigeria','2020-07-01 14:06:30','2020-07-01 14:06:30'),(108,12,'m','1983-07-01','South Sammieville','Tunisia','2001-04-06 02:17:31','2020-07-01 14:01:57'),(109,129,'w','1976-08-09','North Laisha','United States Minor Outlying Islands','1997-02-06 08:34:08','2020-07-01 14:01:57'),(110,118,'w','1992-02-09','Kulasbury','Seychelles','2007-12-05 01:59:07','2020-07-01 14:01:57'),(111,14,'m','1993-12-06','Hermistonside','Guinea-Bissau','2020-07-01 14:06:30','2020-07-01 14:06:30'),(112,23,'w','2014-07-14','Steuberburgh','Switzerland','2020-07-01 14:06:30','2020-07-01 14:06:30'),(113,122,'m','1993-10-19','West Vance','French Guiana','2020-07-01 14:06:30','2020-07-01 14:06:30'),(114,77,'w','1998-09-16','Port Lonie','Bolivia','2020-07-01 14:06:30','2020-07-01 14:06:30'),(115,82,'m','2003-05-20','Zemlakchester','Paraguay','2020-07-01 14:06:30','2020-07-01 14:06:30'),(116,104,'m','1978-10-29','Daphneyfurt','Taiwan','2020-07-01 14:06:30','2020-07-01 14:06:30'),(117,31,'m','1997-03-15','New Brody','United Kingdom','2017-10-19 13:41:17','2020-07-01 14:01:57'),(118,85,'w','1984-08-10','Port Zakaryport','British Virgin Islands','2006-12-10 17:08:30','2020-07-01 14:01:57'),(119,111,'w','1984-05-26','New Denisbury','Western Sahara','1993-02-18 23:32:01','2020-07-01 14:01:57'),(120,117,'m','1976-12-26','Brennanmouth','Ireland','2005-04-14 15:50:28','2020-07-01 14:01:57'),(121,88,'w','1989-09-23','Port Vada','Guinea','2020-07-01 14:06:30','2020-07-01 14:06:30'),(122,133,'m','1995-09-03','New Aidamouth','Saint Barthelemy','2020-07-01 14:06:30','2020-07-01 14:06:30'),(123,63,'m','2016-01-17','Harrisview','Mongolia','2019-09-01 01:13:22','2020-07-01 14:01:57'),(124,127,'m','2015-03-08','Angelinafort','Lithuania','2020-07-01 14:06:30','2020-07-01 14:06:30'),(125,79,'m','1978-01-09','Destanyport','Saint Pierre and Miquelon','2014-02-17 20:43:40','2020-07-01 14:01:57'),(126,52,'w','1971-12-13','Lucileland','Spain','2004-03-01 14:29:46','2020-07-01 14:01:57'),(127,34,'m','1992-11-15','Wintheiserton','Venezuela','2020-07-01 14:06:30','2020-07-01 14:06:30'),(128,32,'m','1996-10-15','Anastaciochester','Spain','2020-07-01 14:06:30','2020-07-01 14:06:30'),(129,43,'w','1997-03-21','West Gene','Barbados','2003-01-29 08:41:56','2020-07-01 14:01:57'),(130,46,'m','1984-01-17','Pierrehaven','Lithuania','2020-07-01 14:06:30','2020-07-01 14:06:30'),(131,24,'m','2010-02-16','Helmerchester','Slovakia (Slovak Republic)','2020-07-01 14:06:30','2020-07-01 14:06:30'),(132,144,'w','1970-12-06','South Muhammad','Lithuania','1971-04-21 16:26:34','2020-07-01 14:01:57'),(133,15,'m','1993-11-04','Port Jeraldside','India','2020-07-01 14:06:30','2020-07-01 14:06:30'),(134,92,'m','1977-04-10','North Caseyport','Cote d\'Ivoire','2020-07-01 14:06:30','2020-07-01 14:06:30'),(135,69,'m','2004-06-07','East Felixfurt','China','2020-07-01 14:06:30','2020-07-01 14:06:30'),(136,135,'m','1994-06-20','Shanahanville','Sweden','2014-04-15 20:22:53','2020-07-01 14:01:57'),(137,13,'m','1987-12-06','South Jeromytown','Germany','2000-08-07 06:08:04','2020-07-01 14:01:57'),(138,131,'m','2018-01-04','East Gregtown','Bermuda','2020-07-01 14:06:30','2020-07-01 14:06:30'),(139,70,'m','2003-11-27','Kundeburgh','Serbia','2020-07-01 14:06:30','2020-07-01 14:06:30'),(140,150,'m','1999-10-28','Grimeshaven','Tanzania','2015-04-23 13:34:29','2020-07-01 14:01:57'),(141,2,'w','2014-09-22','New Novellaton','Sri Lanka','2018-08-02 06:57:46','2020-07-01 14:01:57'),(142,125,'m','2014-12-24','Sybleton','Dominican Republic','2015-04-11 11:11:35','2020-07-01 14:01:57'),(143,41,'m','2003-06-01','East Wilberbury','Angola','2020-07-01 14:06:30','2020-07-01 14:06:30'),(144,62,'w','2002-09-17','McDermottshire','Gambia','2004-02-26 19:39:55','2020-07-01 14:01:57'),(145,121,'w','1988-12-15','Maidaberg','Guam','2005-01-20 21:20:07','2020-07-01 14:01:57'),(146,75,'m','2014-04-14','Port Toy','Norway','2020-07-01 14:06:30','2020-07-01 14:06:30'),(147,55,'w','2011-06-04','Nathanielton','Nauru','2020-07-01 14:06:30','2020-07-01 14:06:30'),(148,95,'m','2018-08-20','North Betsy','Portugal','2020-07-01 14:06:30','2020-07-01 14:06:30'),(149,7,'w','1976-06-02','East Adolfo','Lao People\'s Democratic Republic','1993-10-02 07:44:40','2020-07-01 14:01:57'),(150,120,'m','1990-05-19','New Uniquebury','Antarctica (the territory South of 60 deg S)','2020-07-01 14:06:30','2020-07-01 14:06:30');
/*!40000 ALTER TABLE `profiles` ENABLE KEYS */;
UNLOCK TABLES;

--
-- Table structure for table `users`
--

DROP TABLE IF EXISTS `users`;
/*!40101 SET @saved_cs_client     = @@character_set_client */;
/*!50503 SET character_set_client = utf8mb4 */;
CREATE TABLE `users` (
  `id` int(10) unsigned zerofill NOT NULL AUTO_INCREMENT COMMENT 'Идентификатор строки',
  `first_name` varchar(100) CHARACTER SET utf8 COLLATE utf8_unicode_ci NOT NULL COMMENT 'Имя пользователя',
  `last_name` varchar(100) CHARACTER SET utf8 COLLATE utf8_unicode_ci NOT NULL COMMENT 'Фамилия пользователя',
  `email` varchar(100) CHARACTER SET utf8 COLLATE utf8_unicode_ci NOT NULL COMMENT 'Почта',
  `phone` varchar(100) CHARACTER SET utf8 COLLATE utf8_unicode_ci NOT NULL COMMENT 'Телефон',
  `created_at` datetime DEFAULT CURRENT_TIMESTAMP COMMENT 'Время создания строки',
  `updated_at` datetime DEFAULT CURRENT_TIMESTAMP ON UPDATE CURRENT_TIMESTAMP COMMENT 'Время обновления строки',
  PRIMARY KEY (`id`),
  UNIQUE KEY `email` (`email`),
  UNIQUE KEY `phone` (`phone`)
) ENGINE=InnoDB AUTO_INCREMENT=151 DEFAULT CHARSET=utf8 COLLATE=utf8_unicode_ci COMMENT='Пользователи';
/*!40101 SET character_set_client = @saved_cs_client */;

--
-- Dumping data for table `users`
--

LOCK TABLES `users` WRITE;
/*!40000 ALTER TABLE `users` DISABLE KEYS */;
INSERT INTO `users` VALUES (0000000001,'Verdie','Bahringer','kaci.schinner@example.com','1-418-601-5852x61833','2020-02-16 08:13:40','2020-07-01 13:30:11'),(0000000002,'Kane','Raynor','aryanna.hahn@example.net','201.584.2091x4725','1978-09-14 21:03:36','1985-08-22 01:40:23'),(0000000003,'Cullen','Daugherty','jrohan@example.net','1-313-081-0474x27226','2012-12-24 02:31:06','2020-07-01 13:30:11'),(0000000004,'Madaline','Bergnaum','ahoeger@example.net','636.700.6923','1984-02-28 09:23:45','2008-11-21 20:52:06'),(0000000005,'Rosella','Ortiz','candice.gleichner@example.net','938-561-7618','2015-05-12 23:48:52','2020-07-01 13:30:11'),(0000000006,'Vita','Tremblay','wyman.broderick@example.org','1-885-446-9168','1998-09-20 23:02:13','2014-10-31 18:16:28'),(0000000007,'Rosanna','Willms','ferne.carroll@example.org','+48(5)8597711972','2015-01-27 15:51:56','2020-07-01 13:30:11'),(0000000008,'Juliet','Kilback','ervin.vandervort@example.com','389-790-7021x08111','1993-05-01 21:10:55','2020-07-01 13:30:11'),(0000000009,'Orville','Volkman','bashirian.jayde@example.com','+04(5)4449448793','1980-09-13 08:58:44','1983-12-01 11:27:03'),(0000000010,'Mohammad','Hessel','spencer.ambrose@example.net','897-511-8852','1997-12-21 20:11:29','2019-01-07 19:38:51'),(0000000011,'Benedict','Ortiz','bartoletti.mathias@example.com','(434)469-9389','1991-03-04 09:18:44','2004-09-30 02:35:16'),(0000000012,'Rodrick','Effertz','lueilwitz.royce@example.org','610.746.0227x3544','2016-11-08 16:07:30','2020-07-01 13:30:11'),(0000000013,'Arthur','O\'Conner','makenzie.ferry@example.net','(581)773-8188x503','1983-11-02 22:27:36','2020-04-01 01:03:31'),(0000000014,'Sonya','Turcotte','samanta.bayer@example.net','(786)396-9517x7742','2007-02-05 13:45:31','2020-07-01 13:30:11'),(0000000015,'Dayana','Beahan','lebsack.lila@example.com','993-606-0886','1988-01-06 11:36:42','2006-12-27 16:06:16'),(0000000016,'Lizzie','Thompson','dwolff@example.org','(239)222-6738','2005-10-08 06:32:15','2020-07-01 13:30:11'),(0000000017,'Toney','Green','lueilwitz.jed@example.net','872.775.0265x0394','1970-01-01 17:02:55','1978-01-24 08:01:19'),(0000000018,'Keeley','Lynch','batz.shanny@example.com','494.486.2029x3756','1987-03-09 13:57:50','2001-11-18 08:52:26'),(0000000019,'Mike','Leffler','o\'keefe.heidi@example.com','+59(7)6419356839','1990-03-11 09:57:45','2017-06-16 22:19:58'),(0000000020,'Tessie','Luettgen','colten.herman@example.org','173-123-3262','1981-03-12 19:35:49','2004-03-22 02:53:13'),(0000000021,'Manley','Mraz','nitzsche.sister@example.org','388-798-5354x40164','1979-05-12 20:35:09','2003-08-03 00:41:55'),(0000000022,'Vern','Farrell','mervin.bernhard@example.com','585-240-8615x578','1985-11-16 02:45:44','2020-07-01 13:30:11'),(0000000023,'Roslyn','Kunze','trycia40@example.com','(690)750-0814x6688','2011-10-05 23:58:40','2020-07-01 13:30:11'),(0000000024,'Lemuel','Johnson','arthur47@example.org','061.449.7176','1999-10-06 22:42:26','2020-07-01 13:30:11'),(0000000025,'Ashlynn','Ferry','wilson.corwin@example.com','088.932.2164x4049','2019-01-17 12:52:47','2020-07-01 13:30:11'),(0000000026,'Whitney','Heidenreich','elisabeth15@example.net','(067)964-0828x48165','1972-08-17 10:38:24','1999-04-02 04:47:49'),(0000000027,'Bonnie','Hilll','yazmin.durgan@example.net','299-018-1597x2070','2002-08-19 17:58:06','2020-07-01 13:30:11'),(0000000028,'Alessandro','Kovacek','carmela23@example.org','668-891-0199x082','1986-07-16 05:46:00','2020-07-01 13:30:11'),(0000000029,'Kacey','Carter','mckenna63@example.com','1-274-402-2367x13448','1982-08-09 20:49:46','2016-10-19 15:22:49'),(0000000030,'Chloe','Hahn','osborne.schiller@example.net','866-193-4108x34276','2011-07-04 12:48:35','2015-04-18 17:30:15'),(0000000031,'Brandon','Stoltenberg','mariela87@example.net','071.246.5312','2002-06-09 19:03:43','2018-01-29 17:14:24'),(0000000032,'Vivianne','Mertz','robb.berge@example.org','(510)058-5759x725','2015-11-04 13:32:05','2020-07-01 13:30:11'),(0000000033,'Patricia','Kshlerin','mmaggio@example.net','1-033-291-3938x2197','1975-06-28 20:25:16','1997-04-14 19:27:37'),(0000000034,'Jayce','Schaden','ngrant@example.net','(436)743-7070','2005-12-29 01:09:41','2020-07-01 13:30:11'),(0000000035,'Janis','Weber','cortney.moore@example.org','333-368-4981x7489','2000-12-18 07:05:40','2006-09-14 12:27:31'),(0000000036,'Greta','Marks','tamara37@example.org','+51(2)5689454435','2005-02-18 12:06:24','2020-07-01 13:30:11'),(0000000037,'Cathryn','Hansen','alberta32@example.org','1-142-499-2849x44530','1995-07-02 06:20:52','2020-07-01 13:30:11'),(0000000038,'Kattie','Bogisich','rhianna.corwin@example.net','(541)031-6758x46450','1990-03-27 10:23:10','2012-07-30 15:46:56'),(0000000039,'Amira','Zulauf','karl66@example.org','+60(3)3201717394','1978-11-22 12:51:38','1983-01-11 01:42:11'),(0000000040,'Elisa','Nolan','wkoelpin@example.net','1-811-351-3584x231','1986-07-31 23:20:19','1991-09-01 11:40:21'),(0000000041,'Rosalinda','Johnston','wilmer19@example.net','(633)876-9891x44290','1973-06-09 15:27:59','2004-04-23 22:14:29'),(0000000042,'Reyes','Marvin','amurray@example.net','1-676-900-3792x4397','1988-07-30 14:41:19','2014-02-04 15:19:28'),(0000000043,'Karli','Yundt','rodriguez.marta@example.net','357.437.1002','1989-10-15 07:58:03','2002-11-22 04:48:50'),(0000000044,'Constantin','Greenholt','heidenreich.addison@example.net','1-010-066-5127','1998-07-02 09:15:04','2017-05-09 20:02:16'),(0000000045,'Herta','Koelpin','krajcik.amaya@example.net','(767)303-7363x39723','1980-10-24 05:26:35','1996-05-10 23:32:25'),(0000000046,'Makenna','Skiles','chandler53@example.org','(177)124-1469','2005-05-20 22:33:00','2008-12-27 19:11:50'),(0000000047,'Julianne','Rosenbaum','arvel.connelly@example.net','(956)678-3923','2007-05-03 01:58:11','2017-02-03 10:53:40'),(0000000048,'Noble','Fahey','mcglynn.nicolas@example.com','237-470-7465','1977-04-09 16:03:27','1985-04-08 08:21:42'),(0000000049,'Cordia','Jerde','kunde.ernest@example.net','516.985.3893','1981-02-13 11:34:18','2004-02-25 14:03:36'),(0000000050,'Nellie','Funk','bette.stark@example.com','396-781-1909x00314','2009-02-27 10:36:03','2020-07-01 13:30:11'),(0000000051,'Haleigh','Eichmann','yvonne.stanton@example.com','01649588823','2009-09-14 08:42:42','2020-07-01 13:30:11'),(0000000052,'Gaston','Wunsch','domingo39@example.com','733-356-6571x598','1986-09-08 23:44:26','2020-07-01 13:30:11'),(0000000053,'Sid','Schultz','rosalee.kozey@example.net','377.961.1137x51594','1982-01-01 08:59:33','1997-11-21 13:31:16'),(0000000054,'Lamar','Blanda','granville60@example.net','962.899.9002','1973-03-27 14:53:25','1983-02-19 11:53:30'),(0000000055,'Friedrich','Sawayn','pschiller@example.net','767-124-7806','1974-08-28 11:21:32','2014-04-20 19:29:23'),(0000000056,'Michel','Haag','nbaumbach@example.com','114-882-6373x171','1971-07-08 19:47:58','1993-03-03 16:56:20'),(0000000057,'Jennyfer','Stamm','joan.crist@example.com','712.064.1722x66905','2003-10-06 15:26:46','2006-10-14 23:41:07'),(0000000058,'Ibrahim','Walsh','mayra.stamm@example.com','(621)810-6416x71150','1972-11-03 13:06:45','1992-06-12 21:47:25'),(0000000059,'Frederique','Ratke','shaylee13@example.net','(280)824-4696','1976-07-25 01:59:04','2017-04-27 00:55:32'),(0000000060,'Juston','Franecki','goldner.raina@example.org','602.550.6881','2008-01-23 20:16:44','2020-07-01 13:30:11'),(0000000061,'Philip','Bruen','alycia54@example.net','501.703.0173','2013-03-09 10:07:57','2020-07-01 13:30:11'),(0000000062,'Kody','Adams','geichmann@example.net','1-937-807-2850','1973-06-04 15:30:04','2016-08-26 19:50:31'),(0000000063,'Maybell','Ledner','kuhn.eula@example.org','(561)943-2937x2116','1986-06-13 21:50:41','2020-07-01 13:30:11'),(0000000064,'Magdalen','Koch','aliza73@example.org','601-831-8657x193','2008-08-03 09:27:13','2020-07-01 13:30:11'),(0000000065,'Adalberto','Kassulke','laron.howell@example.net','02226861910','1997-12-22 12:28:21','2020-07-01 13:30:11'),(0000000066,'Alexanne','Friesen','yabbott@example.org','307.717.8913x75582','1979-09-08 14:25:36','1979-09-19 05:54:38'),(0000000067,'Greta','Boyle','aliza.rau@example.com','593-959-9222x066','2010-10-18 08:12:00','2020-07-01 13:30:11'),(0000000068,'Adelbert','Streich','columbus.aufderhar@example.com','(528)308-6827x7323','1987-08-13 04:54:19','2020-07-01 13:30:11'),(0000000069,'Delphia','Koelpin','ashley.reinger@example.com','1-395-584-0268','1973-07-02 18:49:00','2001-07-26 15:26:03'),(0000000070,'Leila','Hamill','torphy.dameon@example.org','198.015.6819x937','2012-09-18 20:00:57','2020-07-01 13:30:11'),(0000000071,'Salvatore','McLaughlin','opal96@example.org','825.648.4625','1978-09-22 21:04:05','2020-07-01 13:30:11'),(0000000072,'Vernon','Kreiger','sbreitenberg@example.com','(061)821-2764x112','1992-02-12 08:42:18','2020-07-01 13:30:11'),(0000000073,'Alysa','Witting','rowland96@example.com','110.749.2761x235','2005-05-08 14:40:28','2020-07-01 13:30:11'),(0000000074,'Mikayla','Johnson','louie.yundt@example.org','+47(9)6403410094','2013-06-26 02:35:34','2020-07-01 13:30:11'),(0000000075,'Gia','Douglas','efisher@example.org','(821)620-0490x5128','2018-01-22 02:21:59','2020-07-01 13:30:11'),(0000000076,'Arnaldo','Wolf','dejon68@example.org','958.630.3887x8902','2013-09-05 20:55:38','2020-07-01 13:30:11'),(0000000077,'Maegan','Kemmer','pagac.tommie@example.org','895.599.0149x079','1978-03-11 16:30:38','1990-11-25 11:18:40'),(0000000078,'Jamir','Grady','murazik.erin@example.com','04360821618','1985-10-29 02:35:09','1990-12-03 08:24:36'),(0000000079,'Myrtice','Rice','lpredovic@example.net','05797501966','1972-10-25 10:31:23','2002-07-29 03:44:55'),(0000000080,'Adeline','Hahn','kbatz@example.com','325-643-6610x6738','1996-12-23 13:35:34','2020-07-01 13:30:11'),(0000000081,'Bryce','Waters','mazie.turner@example.com','(606)881-1923','2004-06-28 01:15:40','2020-07-01 13:30:11'),(0000000082,'Nayeli','Price','schimmel.ricky@example.net','358-515-1485x283','1977-07-15 12:30:37','1981-01-22 17:41:37'),(0000000083,'Vivian','Waters','vterry@example.org','1-574-026-1703x7314','2004-10-24 07:24:11','2009-12-04 15:34:04'),(0000000084,'Jeromy','Lynch','hcollins@example.net','197.667.5672x4834','1970-06-24 18:22:37','1989-09-28 09:26:24'),(0000000085,'Dimitri','Schmidt','ofunk@example.org','1-987-083-5423','1987-11-17 19:38:41','2020-07-01 13:30:11'),(0000000086,'Corine','Reichert','kyleigh.metz@example.org','(591)771-3311x31493','1994-02-21 01:47:57','2009-06-25 01:40:26'),(0000000087,'Sabryna','Stracke','leon02@example.com','087.920.3409x92253','1995-06-06 17:49:30','2020-07-01 13:30:11'),(0000000088,'Myah','Strosin','cory57@example.net','437-065-3536x5247','1970-01-19 10:18:35','2001-05-02 10:22:01'),(0000000089,'Zetta','Heller','waylon29@example.org','1-839-568-9152','1986-01-11 14:21:57','2020-07-01 13:30:11'),(0000000090,'Amy','Zboncak','kbahringer@example.org','(492)378-2936x2881','1988-11-30 02:54:28','2015-03-16 02:11:08'),(0000000091,'Zack','Jacobs','john.runolfsdottir@example.net','(602)081-6645x32046','1976-09-09 17:39:49','1994-10-15 13:35:33'),(0000000092,'Dena','O\'Connell','leila.boyle@example.com','1-625-144-6076x943','2019-08-05 02:52:26','2020-07-01 13:30:11'),(0000000093,'Gust','Champlin','xpadberg@example.net','1-237-254-5634x768','2012-06-06 22:52:10','2020-02-22 18:23:04'),(0000000094,'Freeda','Mohr','btrantow@example.com','029.121.7481x01188','1995-01-10 14:09:26','2020-07-01 13:30:11'),(0000000095,'Hudson','Wunsch','tfeeney@example.net','+45(6)3799233216','1983-06-29 07:58:52','2020-07-01 13:30:11'),(0000000096,'Raoul','Lakin','oledner@example.net','(573)177-6320','1972-01-07 15:59:19','2001-10-06 22:22:06'),(0000000097,'Kristy','Sipes','xo\'conner@example.com','976.596.1067','1971-06-30 05:50:20','1976-12-12 01:42:52'),(0000000098,'Alfreda','Connelly','hbarrows@example.net','(991)194-5497','2006-11-23 03:48:12','2020-07-01 13:30:11'),(0000000099,'Maiya','Farrell','neoma.shields@example.net','962-089-0074','1981-09-01 10:29:13','2020-07-01 13:30:11'),(0000000100,'Aric','Runolfsson','maritza86@example.net','00969578634','1989-01-21 18:13:01','1994-10-29 03:24:26'),(0000000101,'Drew','Kling','labbott@example.com','(610)577-5535x48667','2009-09-12 16:26:16','2020-07-01 13:30:11'),(0000000102,'Chaim','White','della.schneider@example.net','1-348-408-9868x4665','1975-02-17 17:56:31','1987-08-25 17:07:24'),(0000000103,'Greta','Dietrich','wkunde@example.org','1-031-345-6811','1992-01-21 12:46:41','2020-07-01 13:30:11'),(0000000104,'Javon','Abbott','jewell08@example.net','153.098.9684x5557','2010-04-12 17:42:30','2020-07-01 13:30:11'),(0000000105,'Rosemarie','Harris','wilfrid.hilpert@example.com','1-432-042-7706','1983-02-18 22:14:01','2016-09-05 06:39:15'),(0000000106,'Imelda','Mante','frobel@example.org','+40(4)4612295232','1972-04-10 17:47:19','1992-05-28 11:36:21'),(0000000107,'Helena','Lueilwitz','fredy83@example.org','(573)575-0755','2019-10-18 15:36:54','2020-07-01 13:30:11'),(0000000108,'Abbie','Frami','britney08@example.com','(452)759-2359x5434','1997-03-15 19:23:51','2020-07-01 13:30:11'),(0000000109,'Earnestine','Kautzer','paul.boehm@example.com','908-359-8952','2002-12-18 07:56:52','2016-05-14 16:14:44'),(0000000110,'Pauline','Kohler','kuvalis.karson@example.org','(093)052-8755x082','1997-02-26 10:04:14','2010-04-24 23:38:48'),(0000000111,'Mazie','Quigley','pstehr@example.com','(489)186-5319','1987-05-25 07:11:28','2020-07-01 13:30:11'),(0000000112,'Kaden','Frami','ricky98@example.com','(424)862-8704x352','1996-06-04 20:28:13','2020-07-01 13:30:11'),(0000000113,'Elinor','Tremblay','arlie48@example.org','200-205-8479x611','1992-05-30 16:08:15','2002-07-30 03:21:07'),(0000000114,'Cecelia','Stanton','pwuckert@example.com','+09(5)4289059335','2019-12-10 17:49:54','2020-07-01 13:30:11'),(0000000115,'Jakob','Kuhlman','claud.farrell@example.org','1-393-240-7908','1993-04-12 19:57:41','2005-03-20 20:12:12'),(0000000116,'Howell','Satterfield','beatty.ruthie@example.org','1-205-594-3958','1980-09-16 18:05:54','1992-05-19 17:47:08'),(0000000117,'Ottilie','Williamson','yrempel@example.com','218.696.6301x13349','1977-06-01 16:41:26','2009-07-16 09:24:53'),(0000000118,'Abdiel','Gaylord','claudine52@example.net','1-702-084-4675','1971-05-30 01:59:05','1991-04-15 06:28:11'),(0000000119,'Roscoe','Rempel','satterfield.queenie@example.org','940-992-9192x80416','1978-10-13 21:30:27','2016-02-06 18:34:18'),(0000000120,'Lysanne','Padberg','aliza.dooley@example.org','1-032-777-2802x66827','2017-01-23 20:40:23','2020-07-01 13:30:11'),(0000000121,'Nakia','Schimmel','letitia.gaylord@example.net','051.336.7127','2008-12-24 09:44:47','2020-07-01 13:30:11'),(0000000122,'Andres','Auer','rolfson.johann@example.net','645.855.4671x3111','2016-10-03 12:34:46','2020-07-01 13:30:11'),(0000000123,'Melody','Waelchi','newell.dach@example.net','1-251-898-1031','2019-01-07 18:41:33','2020-07-01 13:30:11'),(0000000124,'Meagan','Goyette','stanton.yadira@example.net','1-326-511-2008x2274','2012-04-13 04:02:04','2020-07-01 13:30:11'),(0000000125,'Jayson','Metz','jblock@example.com','00796601637','2001-01-14 12:52:57','2002-10-15 18:05:28'),(0000000126,'Talia','Reilly','jacobi.alyson@example.com','421-088-7888x2435','2016-08-04 01:07:28','2020-07-01 13:30:11'),(0000000127,'Baby','Kautzer','lind.german@example.org','+69(7)1703753910','1978-09-25 13:27:50','1985-11-13 05:13:52'),(0000000128,'Mireya','Borer','magali.homenick@example.net','1-787-074-9125','2008-03-31 05:23:58','2020-07-01 13:30:11'),(0000000129,'Evelyn','Beahan','lorenza.feil@example.com','06159581898','1971-04-27 21:28:33','1978-01-18 09:16:10'),(0000000130,'Shea','Stroman','enola.considine@example.com','030.044.5572','1972-07-20 03:09:15','2011-09-01 19:13:27'),(0000000131,'Concepcion','Cassin','jaiden.armstrong@example.com','+52(9)8919730715','2001-03-05 00:44:36','2020-07-01 13:30:11'),(0000000132,'Major','Greenholt','cassin.oliver@example.net','688-232-4847x532','1998-04-21 00:40:29','2020-07-01 13:30:11'),(0000000133,'Elsie','Robel','ro\'hara@example.net','1-579-557-9274','1972-04-16 01:29:51','1981-08-18 12:45:08'),(0000000134,'Corrine','Weber','pietro.schaefer@example.com','1-512-221-9655','1973-12-21 05:39:54','1985-02-11 15:55:55'),(0000000135,'Chaim','Bernhard','maryjane71@example.org','364.575.1482x231','1971-10-09 15:52:24','1984-01-30 05:36:22'),(0000000136,'Callie','Auer','mallie.schimmel@example.com','+54(9)8220187756','1982-05-04 08:33:54','2004-01-24 02:42:39'),(0000000137,'Finn','McLaughlin','abdul.langworth@example.com','1-663-206-8076x24680','1997-05-07 01:19:18','2020-07-01 13:30:11'),(0000000138,'Maddison','Ziemann','filomena95@example.net','551-614-2920x597','2016-03-05 12:52:35','2020-07-01 13:30:11'),(0000000139,'Fern','Purdy','eudora.gutkowski@example.org','830.108.6183x7374','2013-01-11 03:17:20','2020-07-01 13:30:11'),(0000000140,'Schuyler','Schmidt','lheidenreich@example.net','025-977-2788','1989-06-12 01:24:27','2012-10-08 22:30:44'),(0000000141,'Bette','Zulauf','schmitt.cordelia@example.net','367-821-9906','1991-05-22 21:07:40','2020-07-01 13:30:11'),(0000000142,'Desmond','Herman','godfrey02@example.com','+55(4)2767662194','1981-04-18 03:41:04','1983-08-14 06:02:58'),(0000000143,'Georgette','Ziemann','sauer.katelynn@example.net','1-794-719-7546x673','1978-08-13 03:31:16','2020-07-01 13:30:11'),(0000000144,'Gus','Ledner','unicolas@example.net','119.708.7520x6507','2001-05-03 00:36:12','2010-04-11 06:02:23'),(0000000145,'Angelita','Waters','ima.mante@example.org','1-247-601-2737','1988-03-29 17:04:06','2020-07-01 13:30:11'),(0000000146,'Stacy','Larkin','hyatt.luisa@example.net','(243)380-4664x5315','2019-08-08 10:32:31','2020-07-01 13:30:11'),(0000000147,'Sophie','Schuppe','delores.dooley@example.net','(461)964-4275x8278','2013-08-31 07:55:47','2020-01-08 13:39:35'),(0000000148,'Deborah','Green','heber.monahan@example.org','(165)290-6967x56450','1985-11-10 19:41:54','1999-03-04 18:30:58'),(0000000149,'Pink','Ledner','nayeli.lang@example.net','609.299.4024','1973-06-09 15:26:40','2007-04-12 16:50:26'),(0000000150,'Earnest','Kirlin','ally.farrell@example.net','342.021.9854x91525','2019-12-05 01:27:00','2020-07-01 13:30:11');
/*!40000 ALTER TABLE `users` ENABLE KEYS */;
UNLOCK TABLES;
/*!40103 SET TIME_ZONE=@OLD_TIME_ZONE */;

/*!40101 SET SQL_MODE=@OLD_SQL_MODE */;
/*!40014 SET FOREIGN_KEY_CHECKS=@OLD_FOREIGN_KEY_CHECKS */;
/*!40014 SET UNIQUE_CHECKS=@OLD_UNIQUE_CHECKS */;
/*!40101 SET CHARACTER_SET_CLIENT=@OLD_CHARACTER_SET_CLIENT */;
/*!40101 SET CHARACTER_SET_RESULTS=@OLD_CHARACTER_SET_RESULTS */;
/*!40101 SET COLLATION_CONNECTION=@OLD_COLLATION_CONNECTION */;
/*!40111 SET SQL_NOTES=@OLD_SQL_NOTES */;

-- Dump completed on 2020-07-01 15:31:26
